group	fill	clickSelects
2	#CD1076	71
3	#FFFFFF	6
4	#FFFFFF	6
5	#FFFFFF	6
6	#FFFFFF	8
7	#FFFFFF	8
8	#FFFFFF	8
9	#FFFFFF	6
10	#FFFFFF	8
11	#FFFFFF	6
12	#FFFFFF	8
13	#FFFFFF	6
14	#FFFFFF	6
15	#FFFFFF	6
16	#FFFFFF	8
17	#FFFFFF	8
18	#FFFFFF	6
19	#FFFFFF	6
20	#FFFFFF	8
21	#FFFFFF	8
22	#FFFFFF	8
23	#FFFFFF	8
24	#FFFFFF	8
25	#FFFFFF	6
26	#FFFFFF	6
27	#FFFFFF	8
28	#FFFFFF	6
29	#FFFFFF	6
30	#FFFFFF	6
31	#FFFFFF	6
32	#FFFFFF	8
33	#FFFFFF	8
34	#FFFFFF	8
35	#FFFFFF	8
36	#FFFFFF	6
37	#FFFFFF	8
38	#FFFFFF	5
39	#FFFFFF	5
40	#FFFFFF	5
41	#FFFFFF	5
42	#FFFFFF	8
43	#FFFFFF	8
44	#FFFFFF	8
45	#FFFFFF	8
46	#FFFFFF	6
47	#FFFFFF	6
48	#FFFFFF	6
49	#FFFFFF	6
50	#FFFFFF	6
51	#CD1076	71
52	#CD1076	71
53	#FFFFFF	6
54	#FFFFFF	6
55	#FFFFFF	8
56	#FFFFFF	8
57	#FFFFFF	6
58	#FFFFFF	6
59	#FFFFFF	8
60	#FFFFFF	8
61	#FFFFFF	6
62	#FFFFFF	8
63	#FFFFFF	6
64	#FFFFFF	6
65	#FFFFFF	8
66	#FFFFFF	8
67	#FFFFFF	6
68	#FFFFFF	6
69	#FFFFFF	8
70	#FFFFFF	8
71	#FFFFFF	8
72	#FFFFFF	8
73	#FFFFFF	8
74	#FFFFFF	6
75	#FFFFFF	8
76	#FFFFFF	8
77	#FFFFFF	6
78	#FFFFFF	6
79	#FFFFFF	6
80	#FFFFFF	6
81	#FFFFFF	8
82	#FFFFFF	8
83	#FFFFFF	8
84	#FFFFFF	8
85	#FFFFFF	6
86	#FFFFFF	8
87	#FFFFFF	5
88	#FFFFFF	5
89	#FFFFFF	5
90	#FFFFFF	5
91	#FFFFFF	5
92	#FFFFFF	8
93	#FFFFFF	8
94	#FFFFFF	8
95	#FFFFFF	8
96	#FFFFFF	6
97	#FFFFFF	6
98	#FFFFFF	6
99	#FFFFFF	6
100	#FFFFFF	6
102	#CD1076	71
103	#CD1076	51
104	#FFFFFF	8
105	#FFFFFF	8
106	#FFFFFF	8
107	#FFFFFF	8
108	#FFFFFF	6
109	#FFFFFF	6
110	#FFFFFF	8
111	#FFFFFF	8
112	#FFFFFF	8
113	#FFFFFF	6
114	#FFFFFF	6
115	#FFFFFF	6
116	#FFFFFF	6
117	#FFFFFF	8
118	#FFFFFF	6
119	#FFFFFF	6
120	#FFFFFF	6
121	#FFFFFF	8
122	#FFFFFF	8
123	#FFFFFF	8
124	#FFFFFF	8
125	#FFFFFF	47
126	#FFFFFF	8
127	#FFFFFF	6
128	#FFFFFF	6
129	#FFFFFF	6
130	#FFFFFF	6
131	#FFFFFF	6
132	#FFFFFF	8
133	#FFFFFF	8
134	#FFFFFF	8
135	#FFFFFF	8
136	#FFFFFF	6
137	#FFFFFF	8
138	#FFFFFF	8
139	#FFFFFF	8
140	#FFFFFF	5
141	#FFFFFF	5
142	#FFFFFF	8
143	#FFFFFF	8
144	#FFFFFF	8
145	#FFFFFF	8
146	#FFFFFF	6
147	#FFFFFF	6
148	#FFFFFF	6
149	#FFFFFF	6
150	#FFFFFF	6
151	#CD1076	56
152	#CD1076	14
153	#CD1076	72
154	#FFFFFF	6
155	#FFFFFF	6
156	#FFFFFF	8
157	#FFFFFF	6
158	#FFFFFF	6
159	#FFFFFF	6
160	#FFFFFF	6
161	#FFFFFF	6
162	#FFFFFF	6
163	#CD1076	14
164	#FFFFFF	6
165	#FFFFFF	6
166	#FFFFFF	6
167	#FFFFFF	6
168	#FFFFFF	6
169	#FFFFFF	6
170	#FFFFFF	6
171	#FFFFFF	6
172	#FFFFFF	6
173	#FFFFFF	6
174	#CD1076	3
175	#FFFFFF	6
176	#FFFFFF	6
177	#FFFFFF	8
178	#FFFFFF	8
179	#FFFFFF	8
180	#FFFFFF	6
181	#FFFFFF	6
182	#FFFFFF	6
183	#FFFFFF	8
184	#FFFFFF	8
185	#CD1076	38
186	#FFFFFF	8
187	#FFFFFF	8
188	#FFFFFF	8
189	#FFFFFF	8
190	#FFFFFF	8
191	#FFFFFF	8
192	#FFFFFF	8
193	#FFFFFF	5
194	#FFFFFF	5
195	#FFFFFF	8
196	#FFFFFF	65
197	#E36F9D	24
198	#E36F9D	24
199	#CD1076	72
200	#CD1076	72
202	#CD1076	56
203	#CD1076	14
204	#CD1076	72
205	#FFFFFF	6
206	#FFFFFF	8
207	#FFFFFF	6
208	#FFFFFF	6
209	#FFFFFF	6
210	#FFFFFF	6
211	#FFFFFF	6
212	#FFFFFF	6
213	#FFFFFF	6
214	#CD1076	14
215	#FFFFFF	6
216	#FFFFFF	6
217	#FFFFFF	6
218	#FFFFFF	6
219	#FFFFFF	6
220	#FFFFFF	6
221	#FFFFFF	6
222	#FFFFFF	6
223	#FFFFFF	6
224	#FFFFFF	6
225	#CD1076	3
226	#FFFFFF	6
227	#FFFFFF	8
228	#FFFFFF	8
229	#FFFFFF	8
230	#FFFFFF	6
231	#FFFFFF	6
232	#FFFFFF	6
233	#FFFFFF	8
234	#FFFFFF	8
235	#FFFFFF	8
236	#CD1076	38
237	#FFFFFF	8
238	#FFFFFF	8
239	#FFFFFF	8
240	#FFFFFF	8
241	#FFFFFF	8
242	#FFFFFF	8
243	#FFFFFF	5
244	#FFFFFF	5
245	#FFFFFF	5
247	#E36F9D	24
248	#CD1076	10
249	#CD1076	10
250	#CD1076	67
251	#CD1076	56
252	#CD1076	56
253	#CD1076	67
254	#CD1076	72
255	#FFFFFF	6
256	#FFFFFF	6
257	#FFFFFF	6
258	#FFFFFF	6
259	#FFFFFF	6
260	#FFFFFF	6
261	#FFFFFF	6
262	#FFFFFF	6
263	#CD1076	14
264	#FFFFFF	6
265	#FFFFFF	6
266	#FFFFFF	6
267	#FFFFFF	6
268	#FFFFFF	6
269	#FFFFFF	6
270	#FFFFFF	6
271	#FFFFFF	6
272	#FFFFFF	6
273	#FFFFFF	6
274	#CD1076	3
275	#FFFFFF	6
276	#FFFFFF	6
277	#FFFFFF	8
278	#FFFFFF	8
279	#FFFFFF	6
280	#FFFFFF	6
281	#FFFFFF	6
282	#FFFFFF	6
283	#FFFFFF	8
284	#FFFFFF	8
285	#CD1076	3
286	#FFFFFF	8
287	#FFFFFF	8
288	#FFFFFF	8
289	#FFFFFF	8
290	#FFFFFF	8
291	#FFFFFF	8
292	#FFFFFF	8
293	#FFFFFF	5
294	#FFFFFF	5
295	#FFFFFF	5
296	#E36F9D	24
298	#E36F9D	24
299	#CD1076	10
300	#CD1076	10
302	#CD1076	56
303	#CD1076	56
304	#CD1076	67
305	#CD1076	72
306	#FFFFFF	6
307	#FFFFFF	6
308	#FFFFFF	6
309	#FFFFFF	6
310	#FFFFFF	6
311	#FFFFFF	6
312	#FFFFFF	6
313	#FFFFFF	6
314	#CD1076	14
315	#FFFFFF	6
316	#FFFFFF	6
317	#FFFFFF	6
318	#FFFFFF	6
319	#FFFFFF	6
320	#FFFFFF	6
321	#FFFFFF	6
322	#FFFFFF	6
323	#FFFFFF	6
324	#FFFFFF	6
325	#CD1076	3
326	#FFFFFF	8
327	#FFFFFF	6
328	#FFFFFF	8
329	#FFFFFF	8
330	#FFFFFF	6
331	#FFFFFF	6
332	#FFFFFF	6
333	#FFFFFF	8
334	#FFFFFF	8
335	#FFFFFF	8
336	#CD1076	3
337	#FFFFFF	8
338	#FFFFFF	8
339	#FFFFFF	8
340	#FFFFFF	8
341	#FFFFFF	8
342	#FFFFFF	8
343	#FFFFFF	8
344	#FFFFFF	8
345	#FFFFFF	8
346	#E36F9D	24
347	#FFFFFF	80
348	#E36F9D	24
349	#E36F9D	24
350	#CD1076	10
351	#CD1076	56
352	#CD1076	56
353	#CD1076	67
354	#CD1076	67
355	#CD1076	72
356	#FFFFFF	6
357	#FFFFFF	6
358	#FFFFFF	6
359	#FFFFFF	6
360	#FFFFFF	6
361	#FFFFFF	6
362	#FFFFFF	6
363	#CD1076	14
364	#FFFFFF	6
365	#FFFFFF	6
366	#FFFFFF	6
367	#FFFFFF	6
368	#FFFFFF	6
369	#FFFFFF	6
370	#FFFFFF	6
371	#FFFFFF	6
372	#FFFFFF	6
373	#FFFFFF	6
374	#CD1076	3
375	#FFFFFF	8
376	#FFFFFF	8
377	#FFFFFF	8
378	#FFFFFF	6
379	#FFFFFF	6
380	#FFFFFF	6
381	#FFFFFF	6
382	#FFFFFF	8
383	#FFFFFF	8
384	#FFFFFF	8
385	#CD1076	3
386	#FFFFFF	8
387	#FFFFFF	8
388	#FFFFFF	8
389	#FFFFFF	8
390	#FFFFFF	8
391	#FFFFFF	8
392	#FFFFFF	8
393	#FFFFFF	8
394	#FFFFFF	8
395	#FFFFFF	8
396	#CD1076	19
397	#E36F9D	24
398	#FFFFFF	80
399	#E36F9D	24
400	#CD1076	10
402	#CD1076	56
403	#CD1076	14
404	#CD1076	10
405	#CD1076	67
406	#CD1076	72
407	#FFFFFF	6
408	#FFFFFF	6
409	#FFFFFF	6
410	#FFFFFF	6
411	#FFFFFF	6
412	#FFFFFF	6
413	#FFFFFF	6
414	#CD1076	14
415	#FFFFFF	6
416	#FFFFFF	6
417	#FFFFFF	6
418	#FFFFFF	6
419	#FFFFFF	6
420	#FFFFFF	6
421	#FFFFFF	6
422	#FFFFFF	6
423	#FFFFFF	6
424	#FFFFFF	6
425	#CD1076	3
426	#FFFFFF	8
427	#FFFFFF	8
428	#FFFFFF	6
429	#FFFFFF	6
430	#FFFFFF	6
431	#FFFFFF	6
432	#FFFFFF	6
433	#FFFFFF	8
434	#FFFFFF	8
435	#FFFFFF	8
436	#CD1076	19
437	#FFFFFF	8
438	#FFFFFF	8
439	#FFFFFF	8
440	#FFFFFF	8
441	#FFFFFF	8
442	#FFFFFF	8
443	#FFFFFF	8
444	#FFFFFF	8
445	#FFFFFF	8
446	#CD1076	19
447	#E36F9D	24
449	#E36F9D	24
450	#CD1076	10
451	#CD1076	56
452	#CD1076	14
453	#CD1076	10
454	#CD1076	10
455	#CD1076	67
456	#CD1076	72
457	#FFFFFF	6
458	#FFFFFF	6
459	#FFFFFF	6
460	#FFFFFF	6
461	#FFFFFF	6
462	#FFFFFF	6
463	#CD1076	14
464	#FFFFFF	6
465	#FFFFFF	6
466	#FFFFFF	6
467	#FFFFFF	6
468	#FFFFFF	6
469	#FFFFFF	6
470	#FFFFFF	6
471	#FFFFFF	6
472	#FFFFFF	8
473	#FFFFFF	6
474	#CD1076	14
475	#FFFFFF	8
476	#FFFFFF	8
477	#FFFFFF	6
478	#FFFFFF	6
479	#FFFFFF	6
480	#FFFFFF	6
481	#FFFFFF	6
482	#FFFFFF	6
483	#FFFFFF	8
484	#FFFFFF	8
485	#CD1076	3
486	#FFFFFF	8
487	#FFFFFF	8
488	#FFFFFF	8
489	#FFFFFF	8
490	#FFFFFF	8
491	#FFFFFF	8
492	#FFFFFF	8
493	#FFFFFF	8
494	#FFFFFF	8
495	#FFFFFF	8
496	#CD1076	3
497	#CD1076	19
498	#E36F9D	24
500	#E36F9D	24
502	#CD1076	56
503	#CD1076	14
504	#CD1076	10
505	#CD1076	10
506	#CD1076	67
507	#CD1076	72
508	#FFFFFF	6
509	#FFFFFF	6
510	#FFFFFF	6
511	#FFFFFF	6
512	#FFFFFF	6
513	#FFFFFF	6
514	#CD1076	14
515	#FFFFFF	6
516	#FFFFFF	6
517	#FFFFFF	6
518	#FFFFFF	6
519	#FFFFFF	6
520	#FFFFFF	6
521	#FFFFFF	6
522	#FFFFFF	6
523	#FFFFFF	8
524	#FFFFFF	8
525	#CD1076	3
526	#FFFFFF	8
527	#FFFFFF	6
528	#FFFFFF	6
529	#FFFFFF	6
530	#FFFFFF	6
531	#FFFFFF	6
532	#FFFFFF	8
533	#FFFFFF	8
534	#FFFFFF	8
535	#FFFFFF	8
536	#CD1076	3
537	#FFFFFF	8
538	#FFFFFF	8
539	#FFFFFF	8
540	#FFFFFF	8
541	#FFFFFF	8
542	#FFFFFF	8
543	#FFFFFF	8
544	#FFFFFF	8
545	#FFFFFF	8
546	#CD1076	19
547	#CD1076	58
548	#E36F9D	24
550	#E36F9D	24
551	#CD1076	56
552	#CD1076	14
553	#E36F9D	24
554	#E36F9D	24
555	#CD1076	10
556	#CD1076	10
557	#CD1076	72
558	#FFFFFF	6
559	#FFFFFF	6
560	#FFFFFF	6
561	#FFFFFF	6
562	#FFFFFF	6
563	#CD1076	14
564	#FFFFFF	6
565	#FFFFFF	6
566	#FFFFFF	6
567	#FFFFFF	6
568	#FFFFFF	6
569	#FFFFFF	6
570	#FFFFFF	6
571	#FFFFFF	6
572	#FFFFFF	6
573	#FFFFFF	8
574	#CD1076	3
575	#FFFFFF	8
576	#FFFFFF	6
577	#FFFFFF	6
578	#FFFFFF	6
579	#FFFFFF	6
580	#FFFFFF	6
581	#FFFFFF	6
582	#FFFFFF	8
583	#FFFFFF	8
584	#FFFFFF	8
585	#CD1076	3
586	#FFFFFF	8
587	#FFFFFF	6
588	#FFFFFF	6
589	#FFFFFF	8
590	#FFFFFF	8
591	#FFFFFF	8
592	#FFFFFF	8
593	#FFFFFF	8
594	#FFFFFF	8
595	#FFFFFF	8
596	#CD1076	3
597	#CD1076	19
598	#CD1076	19
599	#E36F9D	24
602	#CD1076	14
603	#CD1076	14
604	#E36F9D	24
605	#CD1076	10
606	#CD1076	10
607	#CD1076	10
608	#CD1076	72
609	#FFFFFF	6
610	#FFFFFF	6
611	#FFFFFF	6
612	#FFFFFF	6
613	#FFFFFF	6
614	#CD1076	3
615	#FFFFFF	6
616	#FFFFFF	6
617	#FFFFFF	6
618	#FFFFFF	6
619	#FFFFFF	6
620	#FFFFFF	6
621	#FFFFFF	6
622	#FFFFFF	6
623	#FFFFFF	8
624	#FFFFFF	8
625	#CD1076	14
626	#FFFFFF	8
627	#FFFFFF	6
628	#FFFFFF	6
629	#FFFFFF	6
630	#FFFFFF	6
631	#FFFFFF	6
632	#FFFFFF	6
633	#FFFFFF	8
634	#FFFFFF	8
635	#FFFFFF	8
636	#CD1076	3
637	#FFFFFF	8
638	#FFFFFF	6
639	#FFFFFF	8
640	#FFFFFF	8
641	#FFFFFF	8
642	#FFFFFF	8
643	#FFFFFF	8
644	#FFFFFF	8
645	#FFFFFF	8
646	#CD1076	3
647	#CD1076	19
648	#CD1076	19
649	#E36F9D	24
651	#CD1076	31
652	#CD1076	14
654	#E36F9D	24
655	#CD1076	10
656	#CD1076	10
657	#CD1076	10
658	#CD1076	72
659	#FFFFFF	6
660	#FFFFFF	6
661	#FFFFFF	6
662	#FFFFFF	6
663	#CD1076	14
664	#FFFFFF	6
665	#FFFFFF	6
666	#FFFFFF	6
667	#FFFFFF	6
668	#FFFFFF	6
669	#FFFFFF	6
670	#FFFFFF	6
671	#FFFFFF	8
672	#FFFFFF	8
673	#FFFFFF	8
674	#CD1076	14
675	#FFFFFF	8
676	#FFFFFF	6
677	#FFFFFF	6
678	#FFFFFF	6
679	#FFFFFF	6
680	#FFFFFF	6
681	#FFFFFF	6
682	#FFFFFF	8
683	#FFFFFF	8
684	#FFFFFF	8
685	#CD1076	3
686	#FFFFFF	8
687	#FFFFFF	6
688	#FFFFFF	8
689	#FFFFFF	8
690	#FFFFFF	8
691	#FFFFFF	8
692	#FFFFFF	8
693	#FFFFFF	8
694	#FFFFFF	8
695	#FFFFFF	8
696	#CD1076	3
697	#CD1076	3
698	#CD1076	19
699	#CD1076	19
700	#E36F9D	24
702	#CD1076	31
703	#CD1076	14
705	#E36F9D	24
706	#E36F9D	24
707	#CD1076	10
708	#CD1076	72
709	#CD1076	72
710	#FFFFFF	6
711	#FFFFFF	6
712	#FFFFFF	6
713	#FFFFFF	6
714	#CD1076	14
715	#FFFFFF	6
716	#FFFFFF	6
717	#FFFFFF	6
718	#FFFFFF	6
719	#FFFFFF	6
720	#FFFFFF	6
721	#FFFFFF	6
722	#FFFFFF	8
723	#FFFFFF	8
724	#FFFFFF	8
725	#CD1076	3
726	#FFFFFF	8
727	#FFFFFF	6
728	#FFFFFF	6
729	#FFFFFF	6
730	#FFFFFF	6
731	#FFFFFF	6
732	#FFFFFF	6
733	#FFFFFF	8
734	#FFFFFF	8
735	#FFFFFF	6
736	#CD1076	43
737	#FFFFFF	6
738	#FFFFFF	8
739	#FFFFFF	8
740	#FFFFFF	8
741	#FFFFFF	8
742	#FFFFFF	8
743	#FFFFFF	8
744	#FFFFFF	8
745	#FFFFFF	8
746	#CD1076	3
747	#CD1076	3
748	#CD1076	19
749	#CD1076	19
750	#E36F9D	24
751	#CD1076	31
752	#CD1076	14
753	#E36F9D	24
755	#E36F9D	24
756	#E36F9D	24
757	#CD1076	72
758	#CD1076	15
759	#CD1076	72
760	#FFFFFF	6
761	#FFFFFF	6
762	#FFFFFF	6
763	#CD1076	14
764	#FFFFFF	6
765	#FFFFFF	6
766	#FFFFFF	6
767	#FFFFFF	6
768	#FFFFFF	6
769	#FFFFFF	6
770	#FFFFFF	6
771	#FFFFFF	8
772	#FFFFFF	6
773	#FFFFFF	8
774	#CD1076	14
775	#FFFFFF	6
776	#FFFFFF	6
777	#FFFFFF	6
778	#FFFFFF	6
779	#FFFFFF	6
780	#FFFFFF	6
781	#FFFFFF	6
782	#FFFFFF	6
783	#FFFFFF	6
784	#FFFFFF	8
785	#CD1076	3
786	#FFFFFF	6
787	#FFFFFF	6
788	#FFFFFF	8
789	#FFFFFF	8
790	#FFFFFF	8
791	#FFFFFF	8
792	#FFFFFF	8
793	#FFFFFF	8
794	#FFFFFF	8
796	#CD1076	3
797	#CD1076	3
798	#CD1076	3
799	#CD1076	19
800	#CD1076	19
802	#CD1076	31
803	#CD1076	31
804	#E36F9D	24
806	#E36F9D	24
807	#CD1076	15
808	#CD1076	15
809	#CD1076	15
810	#FFFFFF	6
811	#FFFFFF	6
812	#FFFFFF	6
813	#FFFFFF	6
814	#CD1076	14
815	#FFFFFF	6
816	#FFFFFF	6
817	#FFFFFF	6
818	#FFFFFF	6
819	#FFFFFF	6
820	#FFFFFF	6
821	#FFFFFF	8
822	#FFFFFF	8
823	#FFFFFF	6
824	#FFFFFF	6
825	#CD1076	3
826	#FFFFFF	6
827	#FFFFFF	6
828	#FFFFFF	6
829	#FFFFFF	6
830	#FFFFFF	6
831	#FFFFFF	6
832	#FFFFFF	6
833	#FFFFFF	6
834	#FFFFFF	8
835	#FFFFFF	6
836	#CD1076	3
837	#FFFFFF	6
838	#FFFFFF	8
839	#FFFFFF	8
840	#FFFFFF	8
841	#FFFFFF	8
842	#FFFFFF	8
843	#FFFFFF	8
844	#FFFFFF	8
846	#CD1076	3
847	#CD1076	3
848	#CD1076	3
849	#CD1076	19
850	#CD1076	19
851	#CD1076	31
852	#CD1076	31
853	#CD1076	19
854	#E36F9D	24
856	#E36F9D	24
857	#CD1076	15
858	#CD1076	15
859	#FFFFFF	6
860	#FFFFFF	6
861	#FFFFFF	6
862	#FFFFFF	6
863	#CD1076	14
864	#FFFFFF	6
865	#FFFFFF	6
866	#FFFFFF	6
867	#FFFFFF	6
868	#FFFFFF	6
869	#FFFFFF	6
870	#FFFFFF	6
871	#FFFFFF	8
872	#FFFFFF	6
873	#FFFFFF	6
874	#CD1076	3
875	#FFFFFF	6
876	#FFFFFF	6
877	#FFFFFF	6
878	#FFFFFF	6
879	#FFFFFF	6
880	#FFFFFF	6
881	#FFFFFF	6
882	#FFFFFF	6
883	#FFFFFF	8
884	#FFFFFF	8
885	#CD1076	3
886	#FFFFFF	6
887	#FFFFFF	6
888	#FFFFFF	8
889	#FFFFFF	6
890	#FFFFFF	8
891	#FFFFFF	8
892	#FFFFFF	8
893	#FFFFFF	8
896	#CD1076	3
897	#CD1076	3
898	#CD1076	3
899	#CD1076	19
900	#CD1076	19
902	#CD1076	31
903	#CD1076	31
904	#CD1076	19
905	#E36F9D	24
906	#FFFFFF	80
907	#E36F9D	24
908	#CD1076	15
909	#FFFFFF	6
910	#FFFFFF	6
911	#FFFFFF	6
912	#FFFFFF	6
913	#FFFFFF	6
914	#CD1076	3
915	#FFFFFF	6
916	#FFFFFF	6
917	#FFFFFF	6
918	#FFFFFF	6
919	#FFFFFF	6
920	#FFFFFF	6
921	#FFFFFF	8
922	#FFFFFF	8
923	#FFFFFF	6
924	#FFFFFF	6
925	#CD1076	3
926	#FFFFFF	6
927	#FFFFFF	6
928	#FFFFFF	6
929	#FFFFFF	6
930	#FFFFFF	6
931	#FFFFFF	6
932	#FFFFFF	6
933	#FFFFFF	6
934	#FFFFFF	8
935	#FFFFFF	8
936	#CD1076	3
937	#FFFFFF	6
938	#FFFFFF	6
939	#FFFFFF	8
940	#FFFFFF	6
941	#FFFFFF	8
942	#FFFFFF	8
943	#FFFFFF	8
946	#CD1076	3
947	#CD1076	3
948	#CD1076	3
949	#CD1076	19
950	#CD1076	19
951	#CD1076	31
952	#CD1076	31
953	#CD1076	19
954	#CD1076	19
955	#E36F9D	24
957	#E36F9D	24
958	#FFFFFF	6
959	#FFFFFF	6
960	#FFFFFF	6
961	#FFFFFF	6
962	#FFFFFF	6
963	#CD1076	3
964	#FFFFFF	6
965	#FFFFFF	6
966	#FFFFFF	6
967	#FFFFFF	6
968	#FFFFFF	6
969	#FFFFFF	6
970	#FFFFFF	6
971	#FFFFFF	8
972	#FFFFFF	8
973	#FFFFFF	6
974	#CD1076	45
975	#FFFFFF	6
976	#FFFFFF	6
977	#FFFFFF	6
978	#FFFFFF	6
979	#FFFFFF	6
980	#FFFFFF	6
981	#FFFFFF	6
982	#FFFFFF	8
983	#FFFFFF	8
984	#FFFFFF	8
985	#CD1076	3
986	#FFFFFF	6
987	#FFFFFF	6
988	#FFFFFF	8
989	#FFFFFF	6
990	#FFFFFF	8
991	#FFFFFF	8
992	#FFFFFF	8
996	#CD1076	3
997	#CD1076	3
998	#CD1076	3
999	#CD1076	19
1000	#CD1076	19
1002	#CD1076	31
1003	#CD1076	45
1004	#CD1076	19
1005	#CD1076	19
1006	#E36F9D	24
1007	#E36F9D	24
1008	#FFFFFF	40
1009	#FFFFFF	6
1010	#FFFFFF	6
1011	#FFFFFF	6
1012	#FFFFFF	6
1013	#FFFFFF	6
1014	#CD1076	45
1015	#FFFFFF	6
1016	#FFFFFF	6
1017	#FFFFFF	6
1018	#FFFFFF	6
1019	#FFFFFF	6
1020	#FFFFFF	6
1021	#FFFFFF	6
1022	#FFFFFF	8
1023	#FFFFFF	8
1024	#FFFFFF	6
1025	#CD1076	3
1026	#FFFFFF	6
1027	#FFFFFF	6
1028	#FFFFFF	6
1029	#FFFFFF	6
1030	#FFFFFF	6
1031	#FFFFFF	6
1032	#FFFFFF	6
1033	#FFFFFF	8
1034	#FFFFFF	6
1035	#FFFFFF	6
1036	#CD1076	3
1037	#FFFFFF	6
1038	#FFFFFF	6
1039	#FFFFFF	6
1040	#FFFFFF	6
1041	#FFFFFF	6
1042	#FFFFFF	6
1046	#CD1076	3
1047	#CD1076	19
1048	#CD1076	19
1049	#CD1076	19
1050	#CD1076	19
1051	#CD1076	31
1052	#CD1076	45
1053	#CD1076	19
1054	#CD1076	19
1055	#CD1076	19
1056	#E36F9D	24
1058	#FFFFFF	40
1059	#FFFFFF	6
1060	#FFFFFF	6
1061	#FFFFFF	6
1062	#FFFFFF	6
1063	#CD1076	45
1064	#FFFFFF	6
1065	#FFFFFF	6
1066	#FFFFFF	6
1067	#FFFFFF	6
1068	#FFFFFF	6
1069	#FFFFFF	6
1070	#FFFFFF	6
1071	#FFFFFF	6
1072	#FFFFFF	8
1073	#FFFFFF	6
1074	#CD1076	3
1075	#FFFFFF	6
1076	#FFFFFF	6
1077	#FFFFFF	6
1078	#FFFFFF	6
1079	#FFFFFF	6
1080	#FFFFFF	6
1081	#FFFFFF	6
1082	#FFFFFF	6
1083	#FFFFFF	6
1084	#FFFFFF	6
1085	#CD1076	3
1086	#FFFFFF	6
1087	#FFFFFF	6
1088	#FFFFFF	6
1089	#FFFFFF	6
1090	#FFFFFF	6
1091	#FFFFFF	6
1096	#CD1076	3
1097	#CD1076	3
1098	#CD1076	19
1099	#CD1076	19
1100	#CD1076	19
1102	#CD1076	31
1103	#CD1076	45
1104	#CD1076	3
1105	#CD1076	19
1106	#CD1076	19
1107	#FFFFFF	6
1109	#FFFFFF	40
1110	#FFFFFF	6
1111	#FFFFFF	6
1112	#FFFFFF	6
1113	#FFFFFF	6
1114	#CD1076	3
1115	#FFFFFF	6
1116	#FFFFFF	6
1117	#FFFFFF	6
1118	#FFFFFF	6
1119	#FFFFFF	6
1120	#FFFFFF	6
1121	#FFFFFF	6
1122	#FFFFFF	6
1123	#FFFFFF	6
1124	#FFFFFF	6
1125	#CD1076	3
1126	#FFFFFF	6
1127	#FFFFFF	6
1128	#FFFFFF	6
1129	#FFFFFF	6
1130	#FFFFFF	6
1131	#FFFFFF	6
1132	#FFFFFF	6
1133	#FFFFFF	6
1134	#FFFFFF	6
1135	#FFFFFF	6
1136	#CD1076	3
1137	#FFFFFF	6
1138	#FFFFFF	6
1139	#FFFFFF	6
1140	#FFFFFF	6
1141	#FFFFFF	6
1146	#CD1076	3
1147	#CD1076	3
1148	#CD1076	19
1149	#CD1076	19
1150	#CD1076	19
1151	#CD1076	71
1152	#CD1076	51
1153	#FFFFFF	6
1154	#FFFFFF	8
1155	#FFFFFF	8
1156	#FFFFFF	6
1157	#FFFFFF	8
1158	#FFFFFF	6
1159	#FFFFFF	8
1160	#FFFFFF	8
1161	#FFFFFF	8
1162	#FFFFFF	6
1163	#CD1076	79
1164	#FFFFFF	6
1165	#FFFFFF	6
1166	#FFFFFF	6
1167	#FFFFFF	6
1168	#FFFFFF	6
1169	#FFFFFF	6
1170	#FFFFFF	8
1171	#FFFFFF	8
1172	#FFFFFF	8
1173	#FFFFFF	6
1174	#FFFFFF	46
1175	#FFFFFF	8
1176	#FFFFFF	6
1177	#FFFFFF	6
1178	#FFFFFF	6
1179	#FFFFFF	6
1180	#FFFFFF	6
1181	#FFFFFF	6
1182	#FFFFFF	8
1183	#FFFFFF	8
1184	#FFFFFF	8
1185	#FFFFFF	6
1186	#FFFFFF	8
1187	#FFFFFF	8
1188	#FFFFFF	8
1189	#FFFFFF	5
1190	#FFFFFF	5
1191	#FFFFFF	5
1192	#FFFFFF	8
1193	#FFFFFF	8
1194	#FFFFFF	8
1195	#FFFFFF	8
1196	#FFFFFF	6
1197	#FFFFFF	6
1198	#FFFFFF	6
1199	#FFFFFF	6
1200	#FFFFFF	6
1202	#CD1076	51
1203	#CD1076	79
1204	#FFFFFF	6
1205	#FFFFFF	6
1206	#FFFFFF	6
1207	#FFFFFF	6
1208	#FFFFFF	6
1209	#FFFFFF	8
1210	#FFFFFF	8
1211	#FFFFFF	8
1212	#FFFFFF	6
1213	#FFFFFF	6
1214	#FFFFFF	36
1215	#FFFFFF	6
1216	#FFFFFF	6
1217	#FFFFFF	6
1218	#FFFFFF	6
1219	#FFFFFF	6
1220	#FFFFFF	8
1221	#FFFFFF	8
1222	#FFFFFF	8
1223	#FFFFFF	8
1224	#FFFFFF	6
1225	#FFFFFF	6
1226	#FFFFFF	6
1227	#FFFFFF	6
1228	#FFFFFF	6
1229	#FFFFFF	6
1230	#FFFFFF	6
1231	#FFFFFF	6
1232	#FFFFFF	8
1233	#FFFFFF	6
1234	#FFFFFF	8
1235	#FFFFFF	6
1236	#FFFFFF	6
1237	#FFFFFF	6
1238	#FFFFFF	8
1239	#FFFFFF	5
1240	#FFFFFF	5
1241	#FFFFFF	8
1242	#FFFFFF	8
1243	#FFFFFF	8
1244	#FFFFFF	8
1245	#FFFFFF	8
1246	#FFFFFF	6
1247	#FFFFFF	6
1248	#FFFFFF	6
1249	#FFFFFF	6
1250	#FFFFFF	6
1251	#CD1076	31
1252	#CD1076	31
1253	#CD1076	3
1254	#CD1076	19
1255	#CD1076	19
1256	#FFFFFF	6
1257	#FFFFFF	6
1259	#FFFFFF	40
1260	#FFFFFF	6
1261	#FFFFFF	6
1262	#FFFFFF	6
1263	#CD1076	45
1264	#FFFFFF	6
1265	#FFFFFF	6
1266	#FFFFFF	6
1267	#FFFFFF	6
1268	#FFFFFF	6
1269	#FFFFFF	6
1270	#FFFFFF	6
1271	#FFFFFF	6
1272	#FFFFFF	6
1273	#FFFFFF	6
1274	#CD1076	3
1275	#FFFFFF	6
1276	#FFFFFF	6
1277	#FFFFFF	6
1278	#FFFFFF	6
1279	#FFFFFF	6
1280	#FFFFFF	6
1281	#FFFFFF	6
1282	#FFFFFF	6
1283	#FFFFFF	6
1284	#FFFFFF	6
1285	#CD1076	3
1286	#FFFFFF	6
1287	#FFFFFF	6
1288	#FFFFFF	6
1289	#FFFFFF	6
1290	#FFFFFF	6
1296	#CD1076	3
1297	#CD1076	3
1298	#CD1076	3
1299	#CD1076	19
1300	#CD1076	19
1302	#CD1076	31
1303	#CD1076	45
1304	#CD1076	3
1305	#CD1076	19
1306	#FFFFFF	6
1307	#FFFFFF	6
1308	#FFFFFF	6
1310	#FFFFFF	6
1311	#FFFFFF	6
1312	#FFFFFF	6
1313	#FFFFFF	6
1314	#CD1076	45
1315	#FFFFFF	6
1316	#FFFFFF	6
1317	#FFFFFF	6
1318	#FFFFFF	6
1319	#FFFFFF	6
1320	#FFFFFF	6
1321	#FFFFFF	6
1322	#FFFFFF	6
1323	#FFFFFF	6
1324	#FFFFFF	6
1325	#CD1076	3
1326	#FFFFFF	6
1327	#FFFFFF	6
1328	#FFFFFF	6
1329	#FFFFFF	6
1330	#FFFFFF	6
1331	#FFFFFF	6
1332	#FFFFFF	6
1333	#FFFFFF	6
1334	#FFFFFF	6
1335	#FFFFFF	6
1336	#CD1076	3
1337	#FFFFFF	6
1338	#FFFFFF	6
1339	#FFFFFF	6
1340	#FFFFFF	6
1346	#CD1076	3
1347	#CD1076	3
1348	#CD1076	19
1349	#CD1076	19
1350	#CD1076	3
1351	#CD1076	31
1352	#CD1076	45
1353	#CD1076	3
1354	#CD1076	3
1355	#FFFFFF	6
1356	#FFFFFF	6
1357	#FFFFFF	6
1358	#FFFFFF	6
1360	#FFFFFF	6
1361	#FFFFFF	6
1362	#FFFFFF	6
1363	#CD1076	45
1364	#FFFFFF	6
1365	#FFFFFF	6
1366	#FFFFFF	6
1367	#FFFFFF	6
1368	#FFFFFF	6
1369	#FFFFFF	6
1370	#FFFFFF	6
1371	#FFFFFF	6
1372	#FFFFFF	6
1373	#FFFFFF	6
1374	#CD1076	3
1375	#FFFFFF	6
1376	#FFFFFF	6
1377	#FFFFFF	6
1378	#FFFFFF	6
1379	#FFFFFF	6
1380	#FFFFFF	6
1381	#FFFFFF	6
1382	#FFFFFF	6
1383	#FFFFFF	6
1384	#FFFFFF	6
1385	#CD1076	3
1386	#FFFFFF	6
1387	#FFFFFF	6
1388	#FFFFFF	6
1389	#FFFFFF	6
1396	#CD1076	3
1397	#CD1076	3
1398	#CD1076	3
1399	#CD1076	3
1400	#CD1076	3
1402	#CD1076	31
1403	#CD1076	3
1404	#CD1076	3
1405	#FFFFFF	6
1406	#FFFFFF	6
1407	#FFFFFF	6
1408	#FFFFFF	6
1409	#FFFFFF	6
1411	#FFFFFF	6
1412	#FFFFFF	6
1413	#FFFFFF	6
1414	#CD1076	3
1415	#FFFFFF	6
1416	#FFFFFF	6
1417	#FFFFFF	6
1418	#FFFFFF	6
1419	#FFFFFF	6
1420	#FFFFFF	6
1421	#FFFFFF	6
1422	#FFFFFF	6
1423	#FFFFFF	6
1424	#FFFFFF	6
1425	#CD1076	3
1426	#FFFFFF	6
1427	#FFFFFF	6
1428	#FFFFFF	6
1429	#FFFFFF	6
1430	#FFFFFF	6
1431	#FFFFFF	6
1432	#FFFFFF	6
1433	#FFFFFF	6
1434	#FFFFFF	6
1435	#FFFFFF	6
1436	#CD1076	3
1437	#FFFFFF	6
1438	#FFFFFF	6
1439	#FFFFFF	6
1446	#CD1076	3
1447	#CD1076	3
1448	#CD1076	3
1449	#CD1076	3
1450	#CD1076	3
1451	#CD1076	31
1452	#CD1076	31
1453	#CD1076	3
1454	#FFFFFF	6
1455	#FFFFFF	6
1456	#FFFFFF	6
1457	#FFFFFF	6
1458	#FFFFFF	6
1459	#FFFFFF	6
1460	#FFFFFF	42
1461	#FFFFFF	6
1462	#FFFFFF	6
1463	#CD1076	3
1464	#FFFFFF	6
1465	#FFFFFF	6
1466	#FFFFFF	6
1467	#FFFFFF	6
1468	#FFFFFF	6
1469	#FFFFFF	6
1470	#FFFFFF	6
1471	#FFFFFF	6
1472	#FFFFFF	6
1473	#FFFFFF	6
1474	#CD1076	3
1475	#FFFFFF	6
1476	#FFFFFF	6
1477	#FFFFFF	6
1478	#FFFFFF	6
1479	#FFFFFF	6
1480	#FFFFFF	6
1481	#FFFFFF	6
1482	#FFFFFF	6
1483	#FFFFFF	6
1484	#FFFFFF	6
1485	#CD1076	3
1486	#FFFFFF	6
1487	#FFFFFF	6
1488	#FFFFFF	6
1496	#CD1076	3
1497	#CD1076	3
1498	#CD1076	3
1499	#CD1076	3
1500	#CD1076	3
1502	#CD1076	31
1503	#CD1076	31
1504	#FFFFFF	6
1505	#FFFFFF	6
1506	#FFFFFF	6
1507	#FFFFFF	6
1508	#FFFFFF	6
1509	#FFFFFF	6
1510	#FFFFFF	6
1512	#FFFFFF	6
1513	#FFFFFF	6
1514	#CD1076	3
1515	#FFFFFF	6
1516	#FFFFFF	6
1517	#FFFFFF	6
1518	#FFFFFF	6
1519	#FFFFFF	6
1520	#FFFFFF	6
1521	#FFFFFF	6
1522	#FFFFFF	6
1523	#FFFFFF	6
1524	#FFFFFF	6
1525	#CD1076	3
1526	#FFFFFF	6
1527	#FFFFFF	6
1528	#FFFFFF	6
1529	#FFFFFF	6
1530	#FFFFFF	6
1531	#FFFFFF	6
1532	#FFFFFF	6
1533	#FFFFFF	6
1534	#FFFFFF	6
1535	#FFFFFF	6
1536	#CD1076	3
1537	#FFFFFF	6
1538	#FFFFFF	6
1546	#CD1076	3
1547	#CD1076	3
1548	#CD1076	3
1549	#CD1076	3
1550	#CD1076	3
1551	#CD1076	31
1552	#CD1076	31
1553	#FFFFFF	6
1554	#FFFFFF	6
1555	#FFFFFF	6
1556	#FFFFFF	6
1557	#FFFFFF	6
1558	#FFFFFF	6
1559	#FFFFFF	6
1560	#FFFFFF	6
1562	#FFFFFF	6
1563	#CD1076	3
1564	#FFFFFF	6
1565	#FFFFFF	6
1566	#FFFFFF	6
1567	#FFFFFF	6
1568	#FFFFFF	6
1569	#FFFFFF	6
1570	#FFFFFF	6
1571	#FFFFFF	6
1572	#FFFFFF	6
1573	#FFFFFF	6
1574	#CD1076	3
1575	#FFFFFF	6
1576	#FFFFFF	6
1577	#FFFFFF	6
1578	#FFFFFF	6
1579	#FFFFFF	6
1580	#FFFFFF	6
1581	#FFFFFF	6
1582	#FFFFFF	6
1583	#FFFFFF	6
1584	#FFFFFF	6
1585	#CD1076	3
1586	#FFFFFF	6
1587	#FFFFFF	6
1596	#CD1076	3
1597	#CD1076	3
1598	#CD1076	3
1599	#CD1076	3
1600	#CD1076	3
1602	#CD1076	31
1603	#CD1076	31
1604	#FFFFFF	6
1605	#FFFFFF	6
1606	#FFFFFF	6
1607	#FFFFFF	6
1608	#FFFFFF	6
1609	#FFFFFF	6
1610	#FFFFFF	6
1611	#FFFFFF	6
1613	#FFFFFF	6
1614	#CD1076	3
1615	#FFFFFF	6
1616	#FFFFFF	6
1617	#FFFFFF	6
1618	#FFFFFF	6
1619	#FFFFFF	6
1620	#FFFFFF	6
1621	#FFFFFF	6
1622	#FFFFFF	6
1623	#FFFFFF	6
1624	#FFFFFF	6
1625	#CD1076	3
1626	#FFFFFF	6
1627	#FFFFFF	6
1628	#FFFFFF	6
1629	#FFFFFF	6
1630	#FFFFFF	6
1631	#FFFFFF	6
1632	#FFFFFF	6
1633	#FFFFFF	6
1634	#FFFFFF	6
1635	#FFFFFF	6
1636	#CD1076	3
1637	#FFFFFF	6
1646	#CD1076	3
1647	#CD1076	3
1648	#CD1076	3
1649	#CD1076	3
1650	#FFFFFF	6
1651	#CD1076	31
1652	#CD1076	31
1653	#FFFFFF	6
1654	#FFFFFF	6
1655	#FFFFFF	6
1656	#FFFFFF	6
1657	#FFFFFF	6
1658	#FFFFFF	6
1659	#FFFFFF	6
1660	#FFFFFF	6
1661	#FFFFFF	6
1663	#CD1076	3
1664	#FFFFFF	6
1665	#FFFFFF	6
1666	#FFFFFF	6
1667	#FFFFFF	6
1668	#FFFFFF	6
1669	#FFFFFF	6
1670	#FFFFFF	6
1671	#FFFFFF	6
1672	#FFFFFF	6
1673	#FFFFFF	6
1674	#CD1076	3
1675	#FFFFFF	6
1676	#FFFFFF	6
1677	#FFFFFF	6
1678	#FFFFFF	6
1679	#FFFFFF	6
1680	#FFFFFF	6
1681	#FFFFFF	6
1682	#FFFFFF	6
1683	#FFFFFF	6
1684	#FFFFFF	6
1685	#CD1076	3
1686	#FFFFFF	6
1696	#CD1076	3
1697	#CD1076	3
1698	#CD1076	3
1699	#CD1076	3
1700	#FFFFFF	6
1702	#CD1076	31
1703	#CD1076	31
1704	#FFFFFF	6
1705	#FFFFFF	6
1706	#FFFFFF	6
1707	#FFFFFF	6
1708	#FFFFFF	6
1709	#FFFFFF	6
1710	#FFFFFF	6
1711	#FFFFFF	6
1712	#FFFFFF	6
1714	#CD1076	3
1715	#FFFFFF	6
1716	#FFFFFF	6
1717	#FFFFFF	6
1718	#FFFFFF	6
1719	#FFFFFF	6
1720	#FFFFFF	6
1721	#FFFFFF	6
1722	#FFFFFF	6
1723	#FFFFFF	6
1724	#FFFFFF	6
1725	#CD1076	3
1726	#FFFFFF	6
1727	#FFFFFF	6
1728	#FFFFFF	6
1729	#FFFFFF	6
1730	#FFFFFF	6
1731	#FFFFFF	6
1732	#FFFFFF	6
1733	#FFFFFF	6
1734	#FFFFFF	6
1735	#FFFFFF	6
1736	#CD1076	3
1746	#CD1076	3
1747	#CD1076	3
1748	#CD1076	3
1749	#FFFFFF	6
1750	#FFFFFF	6
1751	#CD1076	31
1752	#CD1076	31
1753	#FFFFFF	6
1754	#FFFFFF	6
1755	#FFFFFF	6
1756	#FFFFFF	6
1757	#FFFFFF	6
1758	#FFFFFF	6
1759	#FFFFFF	6
1760	#FFFFFF	6
1761	#FFFFFF	6
1762	#FFFFFF	6
1763	#CD1076	3
1764	#FFFFFF	42
1765	#FFFFFF	6
1766	#FFFFFF	6
1767	#FFFFFF	6
1768	#FFFFFF	6
1769	#FFFFFF	6
1770	#FFFFFF	6
1771	#FFFFFF	6
1772	#FFFFFF	6
1773	#FFFFFF	6
1774	#CD1076	3
1775	#FFFFFF	6
1776	#FFFFFF	6
1777	#FFFFFF	6
1778	#FFFFFF	6
1779	#FFFFFF	6
1780	#FFFFFF	6
1781	#FFFFFF	6
1782	#FFFFFF	6
1783	#FFFFFF	6
1784	#FFFFFF	6
1785	#CD1076	3
1796	#CD1076	3
1797	#CD1076	3
1798	#CD1076	3
1799	#FFFFFF	6
1800	#FFFFFF	6
1802	#CD1076	31
1803	#CD1076	3
1804	#FFFFFF	6
1805	#FFFFFF	6
1806	#FFFFFF	6
1807	#FFFFFF	6
1808	#FFFFFF	6
1809	#FFFFFF	6
1810	#FFFFFF	6
1811	#FFFFFF	6
1812	#FFFFFF	6
1813	#FFFFFF	6
1814	#CD1076	3
1816	#FFFFFF	6
1817	#FFFFFF	6
1818	#FFFFFF	6
1819	#FFFFFF	6
1820	#FFFFFF	6
1821	#FFFFFF	6
1822	#FFFFFF	6
1823	#FFFFFF	6
1824	#FFFFFF	6
1825	#CD1076	3
1826	#FFFFFF	6
1827	#FFFFFF	6
1828	#FFFFFF	6
1829	#FFFFFF	6
1830	#FFFFFF	6
1831	#FFFFFF	6
1832	#FFFFFF	6
1833	#FFFFFF	6
1834	#FFFFFF	6
1836	#CD1076	3
1846	#CD1076	3
1847	#CD1076	3
1848	#FFFFFF	6
1849	#FFFFFF	6
1850	#FFFFFF	6
1851	#CD1076	31
1852	#CD1076	31
1853	#FFFFFF	6
1854	#FFFFFF	6
1855	#FFFFFF	6
1856	#FFFFFF	6
1857	#FFFFFF	6
1858	#FFFFFF	6
1859	#FFFFFF	6
1860	#FFFFFF	6
1861	#FFFFFF	6
1862	#FFFFFF	6
1863	#CD1076	3
1864	#FFFFFF	6
1866	#FFFFFF	6
1867	#FFFFFF	6
1868	#FFFFFF	6
1869	#FFFFFF	6
1870	#FFFFFF	6
1871	#FFFFFF	6
1872	#FFFFFF	6
1873	#FFFFFF	6
1874	#CD1076	3
1875	#FFFFFF	6
1876	#FFFFFF	6
1877	#FFFFFF	6
1878	#FFFFFF	6
1879	#FFFFFF	6
1880	#FFFFFF	6
1881	#FFFFFF	6
1882	#FFFFFF	6
1883	#FFFFFF	6
1885	#CD1076	3
1896	#CD1076	3
1897	#CD1076	3
1898	#FFFFFF	6
1899	#FFFFFF	6
1900	#FFFFFF	6
1902	#CD1076	31
1903	#CD1076	13
1904	#FFFFFF	6
1905	#FFFFFF	6
1906	#FFFFFF	6
1907	#FFFFFF	6
1908	#FFFFFF	6
1909	#FFFFFF	6
1910	#FFFFFF	6
1911	#FFFFFF	6
1912	#FFFFFF	6
1913	#FFFFFF	6
1914	#CD1076	13
1915	#FFFFFF	6
1917	#FFFFFF	6
1918	#FFFFFF	6
1919	#FFFFFF	6
1920	#FFFFFF	6
1921	#FFFFFF	6
1922	#FFFFFF	6
1923	#FFFFFF	6
1924	#FFFFFF	6
1925	#CD1076	3
1926	#FFFFFF	6
1927	#FFFFFF	6
1928	#FFFFFF	6
1929	#FFFFFF	6
1930	#FFFFFF	6
1931	#FFFFFF	6
1932	#FFFFFF	6
1933	#FFFFFF	6
1936	#CD1076	3
1946	#CD1076	3
1947	#FFFFFF	6
1948	#FFFFFF	6
1949	#FFFFFF	6
1950	#FFFFFF	6
1951	#CD1076	31
1952	#CD1076	31
1953	#FFFFFF	6
1954	#FFFFFF	6
1955	#FFFFFF	6
1956	#FFFFFF	6
1957	#FFFFFF	6
1958	#FFFFFF	6
1959	#FFFFFF	6
1960	#FFFFFF	6
1961	#FFFFFF	6
1962	#FFFFFF	6
1963	#CD1076	13
1964	#FFFFFF	6
1965	#FFFFFF	6
1967	#FFFFFF	6
1968	#FFFFFF	6
1969	#FFFFFF	6
1970	#FFFFFF	6
1971	#FFFFFF	6
1972	#FFFFFF	6
1973	#FFFFFF	6
1974	#CD1076	13
1975	#FFFFFF	6
1976	#FFFFFF	6
1977	#FFFFFF	6
1978	#FFFFFF	6
1979	#FFFFFF	6
1980	#FFFFFF	6
1981	#FFFFFF	6
1982	#FFFFFF	6
1985	#CD1076	3
1996	#CD1076	3
1997	#FFFFFF	6
1998	#FFFFFF	6
1999	#FFFFFF	6
2000	#FFFFFF	6
2002	#CD1076	31
2003	#CD1076	13
2004	#FFFFFF	6
2005	#FFFFFF	6
2006	#FFFFFF	6
2007	#FFFFFF	6
2008	#FFFFFF	6
2009	#FFFFFF	6
2010	#FFFFFF	6
2011	#FFFFFF	6
2012	#FFFFFF	6
2013	#FFFFFF	6
2014	#CD1076	13
2015	#FFFFFF	6
2016	#FFFFFF	6
2018	#FFFFFF	6
2019	#FFFFFF	6
2020	#FFFFFF	6
2021	#FFFFFF	6
2022	#FFFFFF	6
2023	#FFFFFF	6
2024	#FFFFFF	6
2025	#CD1076	3
2026	#FFFFFF	6
2027	#FFFFFF	6
2028	#FFFFFF	6
2029	#FFFFFF	6
2030	#FFFFFF	6
2031	#FFFFFF	6
2032	#FFFFFF	6
2036	#CD1076	3
2046	#FFFFFF	6
2047	#FFFFFF	6
2048	#FFFFFF	6
2049	#FFFFFF	6
2050	#FFFFFF	6
2051	#CD1076	31
2052	#CD1076	31
2053	#FFFFFF	6
2054	#FFFFFF	6
2055	#FFFFFF	6
2056	#FFFFFF	6
2057	#FFFFFF	6
2058	#FFFFFF	6
2059	#FFFFFF	6
2060	#FFFFFF	6
2061	#FFFFFF	6
2062	#FFFFFF	6
2063	#CD1076	13
2064	#FFFFFF	6
2065	#FFFFFF	6
2066	#FFFFFF	6
2068	#FFFFFF	6
2069	#FFFFFF	6
2070	#FFFFFF	6
2071	#FFFFFF	6
2072	#FFFFFF	6
2073	#FFFFFF	6
2074	#CD1076	3
2075	#FFFFFF	6
2076	#FFFFFF	6
2077	#FFFFFF	6
2078	#FFFFFF	6
2079	#FFFFFF	6
2080	#FFFFFF	6
2081	#FFFFFF	6
2085	#CD1076	3
2096	#FFFFFF	6
2097	#FFFFFF	6
2098	#FFFFFF	6
2099	#FFFFFF	6
2100	#FFFFFF	6
2102	#CD1076	31
2103	#CD1076	13
2104	#FFFFFF	6
2105	#FFFFFF	6
2106	#FFFFFF	6
2107	#FFFFFF	6
2108	#FFFFFF	6
2109	#FFFFFF	6
2110	#FFFFFF	6
2111	#FFFFFF	6
2112	#FFFFFF	6
2113	#FFFFFF	6
2114	#CD1076	13
2115	#FFFFFF	6
2116	#FFFFFF	6
2117	#FFFFFF	6
2119	#FFFFFF	6
2120	#FFFFFF	6
2121	#FFFFFF	6
2122	#FFFFFF	6
2123	#FFFFFF	6
2124	#FFFFFF	6
2125	#CD1076	3
2126	#FFFFFF	6
2127	#FFFFFF	6
2128	#FFFFFF	6
2129	#FFFFFF	6
2130	#FFFFFF	6
2131	#FFFFFF	6
2136	#FFFFFF	6
2146	#FFFFFF	6
2147	#FFFFFF	6
2148	#FFFFFF	6
2149	#FFFFFF	6
2150	#FFFFFF	6
2151	#CD1076	31
2152	#CD1076	13
2153	#FFFFFF	6
2154	#FFFFFF	6
2155	#FFFFFF	6
2156	#FFFFFF	6
2157	#FFFFFF	6
2158	#FFFFFF	6
2159	#FFFFFF	6
2160	#FFFFFF	6
2161	#FFFFFF	6
2162	#FFFFFF	6
2163	#CD1076	13
2164	#FFFFFF	6
2165	#FFFFFF	6
2166	#FFFFFF	6
2167	#FFFFFF	6
2169	#FFFFFF	6
2170	#FFFFFF	6
2171	#FFFFFF	6
2172	#FFFFFF	6
2173	#FFFFFF	6
2174	#CD1076	3
2175	#FFFFFF	6
2176	#FFFFFF	6
2177	#FFFFFF	6
2178	#FFFFFF	6
2179	#FFFFFF	6
2180	#FFFFFF	6
2185	#FFFFFF	6
2196	#FFFFFF	6
2197	#FFFFFF	6
2198	#FFFFFF	6
2199	#FFFFFF	6
2200	#FFFFFF	6
2202	#CD1076	31
2203	#CD1076	13
2204	#FFFFFF	6
2205	#FFFFFF	6
2206	#FFFFFF	6
2207	#FFFFFF	6
2208	#FFFFFF	6
2209	#FFFFFF	6
2210	#FFFFFF	6
2211	#FFFFFF	6
2212	#FFFFFF	6
2213	#FFFFFF	6
2214	#CD1076	3
2215	#FFFFFF	6
2216	#FFFFFF	6
2217	#FFFFFF	6
2218	#FFFFFF	6
2220	#FFFFFF	6
2221	#FFFFFF	6
2222	#FFFFFF	6
2223	#FFFFFF	6
2224	#FFFFFF	6
2225	#FFFFFF	6
2226	#FFFFFF	6
2227	#FFFFFF	6
2228	#FFFFFF	6
2229	#FFFFFF	6
2230	#FFFFFF	6
2236	#FFFFFF	6
2246	#FFFFFF	6
2247	#FFFFFF	6
2248	#FFFFFF	6
2249	#FFFFFF	6
2250	#FFFFFF	6
2251	#CD1076	51
2252	#CD1076	79
2253	#FFFFFF	6
2254	#FFFFFF	6
2255	#FFFFFF	6
2256	#FFFFFF	6
2257	#FFFFFF	6
2258	#FFFFFF	8
2259	#FFFFFF	8
2260	#FFFFFF	8
2261	#FFFFFF	8
2262	#FFFFFF	6
2263	#FFFFFF	36
2264	#FFFFFF	6
2265	#FFFFFF	6
2266	#FFFFFF	6
2267	#FFFFFF	6
2268	#FFFFFF	6
2269	#FFFFFF	6
2270	#FFFFFF	6
2271	#FFFFFF	6
2272	#FFFFFF	8
2273	#FFFFFF	6
2274	#CD1076	41
2275	#FFFFFF	6
2276	#FFFFFF	6
2277	#FFFFFF	6
2278	#FFFFFF	6
2279	#FFFFFF	6
2280	#FFFFFF	6
2281	#FFFFFF	8
2282	#FFFFFF	6
2283	#FFFFFF	6
2284	#FFFFFF	6
2285	#FFFFFF	6
2286	#FFFFFF	6
2287	#FFFFFF	8
2288	#FFFFFF	8
2289	#FFFFFF	5
2290	#FFFFFF	5
2291	#FFFFFF	8
2292	#FFFFFF	8
2293	#FFFFFF	8
2294	#FFFFFF	8
2295	#FFFFFF	8
2296	#FFFFFF	6
2297	#FFFFFF	6
2298	#FFFFFF	6
2299	#FFFFFF	6
2300	#FFFFFF	6
2302	#CD1076	51
2303	#FFFFFF	22
2304	#FFFFFF	6
2305	#FFFFFF	6
2306	#FFFFFF	6
2307	#FFFFFF	8
2308	#FFFFFF	8
2309	#FFFFFF	8
2310	#FFFFFF	8
2311	#FFFFFF	8
2312	#FFFFFF	6
2313	#FFFFFF	6
2314	#CD1076	41
2315	#FFFFFF	6
2316	#FFFFFF	6
2317	#FFFFFF	6
2318	#FFFFFF	6
2319	#FFFFFF	6
2320	#FFFFFF	6
2321	#FFFFFF	6
2322	#FFFFFF	6
2323	#FFFFFF	8
2324	#FFFFFF	6
2325	#CD1076	16
2326	#FFFFFF	6
2327	#FFFFFF	6
2328	#FFFFFF	6
2329	#FFFFFF	6
2330	#FFFFFF	6
2331	#FFFFFF	6
2332	#FFFFFF	6
2333	#FFFFFF	6
2334	#FFFFFF	6
2335	#FFFFFF	6
2336	#FFFFFF	6
2337	#FFFFFF	6
2338	#FFFFFF	8
2339	#FFFFFF	5
2340	#FFFFFF	5
2341	#FFFFFF	5
2342	#FFFFFF	8
2343	#FFFFFF	8
2344	#FFFFFF	8
2345	#FFFFFF	8
2346	#FFFFFF	6
2347	#FFFFFF	6
2348	#FFFFFF	6
2349	#FFFFFF	6
2350	#FFFFFF	6
2351	#CD1076	31
2352	#CD1076	13
2353	#FFFFFF	6
2354	#FFFFFF	6
2355	#FFFFFF	6
2356	#FFFFFF	6
2357	#FFFFFF	6
2358	#FFFFFF	6
2359	#FFFFFF	6
2360	#FFFFFF	6
2361	#FFFFFF	6
2362	#FFFFFF	6
2363	#CD1076	13
2364	#FFFFFF	6
2365	#FFFFFF	6
2366	#FFFFFF	6
2367	#FFFFFF	6
2368	#FFFFFF	6
2370	#FFFFFF	6
2371	#FFFFFF	6
2372	#FFFFFF	6
2373	#FFFFFF	6
2374	#FFFFFF	6
2375	#FFFFFF	7
2376	#FFFFFF	6
2377	#FFFFFF	6
2378	#FFFFFF	6
2379	#FFFFFF	6
2385	#FFFFFF	6
2396	#FFFFFF	6
2397	#FFFFFF	6
2398	#FFFFFF	6
2399	#FFFFFF	6
2400	#FFFFFF	6
2402	#CD1076	31
2403	#CD1076	13
2404	#FFFFFF	6
2405	#FFFFFF	6
2406	#FFFFFF	6
2407	#FFFFFF	6
2408	#FFFFFF	6
2409	#FFFFFF	6
2410	#FFFFFF	6
2411	#FFFFFF	6
2412	#FFFFFF	6
2413	#FFFFFF	6
2414	#FFFFFF	6
2415	#FFFFFF	6
2416	#FFFFFF	6
2417	#FFFFFF	6
2418	#FFFFFF	6
2419	#FFFFFF	6
2420	#FFFFFF	42
2421	#FFFFFF	6
2422	#FFFFFF	6
2423	#FFFFFF	6
2424	#FFFFFF	7
2425	#FFFFFF	6
2426	#FFFFFF	6
2427	#FFFFFF	6
2428	#FFFFFF	6
2429	#FFFFFF	6
2436	#FFFFFF	6
2446	#FFFFFF	6
2447	#FFFFFF	6
2448	#FFFFFF	6
2449	#FFFFFF	6
2450	#FFFFFF	6
2451	#CD1076	31
2452	#CD1076	13
2453	#FFFFFF	6
2454	#FFFFFF	6
2455	#FFFFFF	6
2456	#FFFFFF	6
2457	#FFFFFF	6
2458	#FFFFFF	6
2459	#FFFFFF	6
2460	#FFFFFF	6
2461	#FFFFFF	6
2462	#FFFFFF	6
2463	#FFFFFF	6
2464	#FFFFFF	6
2465	#FFFFFF	6
2466	#FFFFFF	6
2467	#FFFFFF	6
2468	#FFFFFF	6
2469	#FFFFFF	6
2471	#FFFFFF	6
2472	#FFFFFF	6
2473	#FFFFFF	6
2474	#FFFFFF	6
2475	#FFFFFF	7
2476	#FFFFFF	7
2477	#FFFFFF	6
2478	#FFFFFF	6
2485	#FFFFFF	6
2496	#FFFFFF	6
2497	#FFFFFF	6
2498	#FFFFFF	6
2499	#FFFFFF	6
2500	#FFFFFF	6
2502	#CD1076	31
2503	#FFFFFF	6
2504	#FFFFFF	6
2505	#FFFFFF	6
2506	#FFFFFF	6
2507	#FFFFFF	6
2508	#FFFFFF	6
2509	#FFFFFF	6
2510	#FFFFFF	6
2511	#FFFFFF	6
2512	#FFFFFF	6
2513	#FFFFFF	6
2514	#FFFFFF	6
2515	#FFFFFF	6
2516	#FFFFFF	6
2517	#FFFFFF	6
2518	#FFFFFF	6
2519	#FFFFFF	6
2520	#FFFFFF	6
2522	#FFFFFF	52
2523	#FFFFFF	6
2524	#FFFFFF	7
2525	#FFFFFF	6
2526	#FFFFFF	7
2527	#FFFFFF	6
2528	#FFFFFF	6
2536	#FFFFFF	6
2546	#FFFFFF	6
2547	#FFFFFF	6
2548	#FFFFFF	6
2549	#FFFFFF	6
2550	#FFFFFF	6
2551	#CD1076	31
2552	#FFFFFF	6
2553	#FFFFFF	6
2554	#FFFFFF	6
2555	#FFFFFF	6
2556	#FFFFFF	6
2557	#FFFFFF	6
2558	#FFFFFF	6
2559	#FFFFFF	6
2560	#FFFFFF	6
2561	#FFFFFF	6
2562	#FFFFFF	6
2563	#FFFFFF	6
2564	#FFFFFF	6
2565	#FFFFFF	6
2566	#FFFFFF	6
2567	#FFFFFF	6
2568	#FFFFFF	6
2569	#FFFFFF	6
2570	#FFFFFF	6
2572	#FFFFFF	6
2573	#FFFFFF	7
2574	#FFFFFF	6
2575	#FFFFFF	7
2576	#FFFFFF	6
2577	#FFFFFF	6
2585	#FFFFFF	6
2596	#FFFFFF	6
2597	#FFFFFF	6
2598	#FFFFFF	6
2599	#FFFFFF	6
2600	#FFFFFF	6
2602	#FFFFFF	6
2603	#FFFFFF	6
2604	#FFFFFF	6
2605	#FFFFFF	6
2606	#FFFFFF	6
2607	#FFFFFF	6
2608	#FFFFFF	6
2609	#FFFFFF	6
2610	#FFFFFF	6
2611	#FFFFFF	6
2612	#FFFFFF	6
2613	#FFFFFF	6
2614	#FFFFFF	6
2615	#FFFFFF	6
2616	#FFFFFF	6
2617	#FFFFFF	6
2618	#FFFFFF	6
2619	#FFFFFF	6
2620	#FFFFFF	6
2621	#FFFFFF	7
2623	#FFFFFF	7
2624	#FFFFFF	6
2625	#FFFFFF	6
2626	#FFFFFF	6
2627	#FFFFFF	6
2636	#FFFFFF	6
2646	#FFFFFF	6
2647	#FFFFFF	6
2648	#FFFFFF	6
2649	#FFFFFF	6
2650	#FFFFFF	6
2651	#FFFFFF	6
2652	#FFFFFF	6
2653	#FFFFFF	6
2654	#FFFFFF	6
2655	#FFFFFF	6
2656	#FFFFFF	6
2657	#FFFFFF	6
2658	#FFFFFF	6
2659	#FFFFFF	6
2660	#FFFFFF	6
2661	#FFFFFF	6
2662	#FFFFFF	6
2663	#FFFFFF	6
2664	#FFFFFF	6
2665	#FFFFFF	6
2666	#FFFFFF	6
2667	#FFFFFF	6
2668	#FFFFFF	6
2669	#FFFFFF	6
2670	#FFFFFF	6
2671	#FFFFFF	7
2673	#FFFFFF	7
2674	#FFFFFF	6
2675	#FFFFFF	6
2676	#FFFFFF	6
2685	#FFFFFF	6
2696	#FFFFFF	6
2697	#FFFFFF	6
2698	#FFFFFF	6
2699	#FFFFFF	6
2700	#FFFFFF	6
2702	#FFFFFF	6
2703	#FFFFFF	6
2704	#FFFFFF	6
2705	#FFFFFF	6
2706	#FFFFFF	6
2707	#FFFFFF	6
2708	#FFFFFF	6
2709	#FFFFFF	6
2710	#FFFFFF	6
2711	#FFFFFF	6
2712	#FFFFFF	6
2713	#FFFFFF	6
2714	#FFFFFF	6
2715	#FFFFFF	6
2716	#FFFFFF	6
2717	#FFFFFF	6
2718	#FFFFFF	6
2719	#FFFFFF	6
2720	#FFFFFF	6
2721	#FFFFFF	6
2722	#FFFFFF	7
2724	#FFFFFF	7
2725	#FFFFFF	6
2726	#FFFFFF	6
2736	#FFFFFF	6
2746	#FFFFFF	6
2747	#FFFFFF	6
2748	#FFFFFF	6
2749	#FFFFFF	6
2750	#FFFFFF	6
2751	#FFFFFF	6
2752	#FFFFFF	6
2753	#FFFFFF	6
2754	#FFFFFF	6
2755	#FFFFFF	6
2756	#FFFFFF	6
2757	#FFFFFF	6
2758	#FFFFFF	6
2759	#FFFFFF	6
2760	#FFFFFF	6
2761	#FFFFFF	6
2762	#FFFFFF	6
2763	#FFFFFF	6
2764	#FFFFFF	6
2765	#FFFFFF	6
2766	#FFFFFF	6
2767	#FFFFFF	6
2768	#FFFFFF	6
2769	#FFFFFF	6
2770	#FFFFFF	6
2771	#FFFFFF	6
2772	#FFFFFF	7
2774	#FFFFFF	6
2775	#FFFFFF	6
2785	#FFFFFF	6
2796	#FFFFFF	6
2797	#FFFFFF	6
2798	#FFFFFF	6
2799	#FFFFFF	6
2800	#FFFFFF	6
2802	#FFFFFF	6
2803	#FFFFFF	6
2804	#FFFFFF	6
2805	#FFFFFF	6
2806	#FFFFFF	6
2807	#FFFFFF	6
2808	#FFFFFF	6
2809	#FFFFFF	6
2810	#FFFFFF	6
2811	#FFFFFF	6
2812	#FFFFFF	6
2813	#FFFFFF	6
2814	#FFFFFF	6
2815	#FFFFFF	6
2816	#FFFFFF	6
2817	#FFFFFF	6
2818	#FFFFFF	6
2819	#FFFFFF	6
2820	#FFFFFF	6
2821	#FFFFFF	6
2822	#FFFFFF	6
2823	#FFFFFF	6
2825	#FFFFFF	6
2836	#FFFFFF	6
2846	#FFFFFF	6
2847	#FFFFFF	6
2848	#FFFFFF	6
2849	#FFFFFF	6
2850	#FFFFFF	6
2851	#FFFFFF	6
2852	#FFFFFF	6
2853	#FFFFFF	6
2854	#FFFFFF	6
2855	#FFFFFF	6
2856	#FFFFFF	6
2857	#FFFFFF	6
2858	#FFFFFF	6
2859	#FFFFFF	6
2860	#FFFFFF	6
2861	#FFFFFF	6
2862	#FFFFFF	6
2863	#FFFFFF	6
2864	#FFFFFF	6
2865	#FFFFFF	6
2866	#FFFFFF	6
2867	#FFFFFF	6
2868	#FFFFFF	6
2869	#FFFFFF	6
2870	#FFFFFF	6
2871	#FFFFFF	6
2872	#FFFFFF	6
2873	#FFFFFF	6
2874	#FFFFFF	6
2885	#FFFFFF	6
2896	#FFFFFF	6
2897	#FFFFFF	6
2898	#FFFFFF	6
2899	#FFFFFF	6
2900	#FFFFFF	6
2902	#FFFFFF	6
2903	#FFFFFF	6
2904	#FFFFFF	6
2905	#FFFFFF	6
2906	#FFFFFF	6
2907	#FFFFFF	6
2908	#FFFFFF	6
2909	#FFFFFF	6
2910	#FFFFFF	6
2911	#FFFFFF	6
2912	#FFFFFF	6
2913	#FFFFFF	6
2914	#FFFFFF	6
2915	#FFFFFF	6
2916	#FFFFFF	6
2917	#FFFFFF	6
2918	#FFFFFF	6
2919	#FFFFFF	6
2920	#FFFFFF	6
2921	#FFFFFF	6
2922	#FFFFFF	6
2923	#FFFFFF	6
2925	#FFFFFF	6
2936	#FFFFFF	6
2946	#FFFFFF	6
2947	#FFFFFF	6
2948	#FFFFFF	6
2949	#FFFFFF	6
2950	#FFFFFF	6
2951	#FFFFFF	6
2952	#FFFFFF	6
2953	#FFFFFF	6
2954	#FFFFFF	6
2955	#FFFFFF	6
2956	#FFFFFF	6
2957	#FFFFFF	6
2958	#FFFFFF	6
2959	#FFFFFF	6
2960	#FFFFFF	6
2961	#FFFFFF	6
2962	#FFFFFF	6
2963	#FFFFFF	6
2964	#FFFFFF	6
2965	#FFFFFF	6
2966	#FFFFFF	6
2967	#FFFFFF	6
2968	#FFFFFF	6
2969	#FFFFFF	6
2970	#FFFFFF	6
2971	#FFFFFF	6
2972	#FFFFFF	6
2974	#FFFFFF	6
2985	#FFFFFF	6
2996	#FFFFFF	6
2997	#FFFFFF	6
2998	#FFFFFF	6
2999	#FFFFFF	6
3000	#FFFFFF	6
3002	#FFFFFF	6
3003	#FFFFFF	6
3004	#FFFFFF	6
3005	#FFFFFF	6
3006	#FFFFFF	6
3007	#FFFFFF	6
3008	#FFFFFF	6
3009	#FFFFFF	6
3010	#FFFFFF	6
3011	#FFFFFF	6
3012	#FFFFFF	6
3013	#FFFFFF	6
3014	#FFFFFF	6
3015	#FFFFFF	6
3016	#FFFFFF	6
3017	#FFFFFF	6
3018	#FFFFFF	6
3019	#FFFFFF	6
3020	#FFFFFF	6
3021	#FFFFFF	6
3022	#FFFFFF	6
3025	#FFFFFF	6
3036	#FFFFFF	6
3046	#FFFFFF	6
3047	#FFFFFF	6
3048	#FFFFFF	6
3049	#FFFFFF	6
3050	#FFFFFF	6
3051	#FFFFFF	6
3052	#FFFFFF	6
3053	#FFFFFF	6
3054	#FFFFFF	6
3055	#FFFFFF	6
3056	#FFFFFF	6
3057	#FFFFFF	6
3058	#FFFFFF	6
3059	#FFFFFF	6
3060	#FFFFFF	6
3061	#FFFFFF	6
3062	#FFFFFF	6
3063	#FFFFFF	6
3064	#FFFFFF	6
3065	#FFFFFF	6
3066	#FFFFFF	6
3067	#FFFFFF	6
3068	#FFFFFF	6
3069	#FFFFFF	6
3070	#FFFFFF	6
3071	#FFFFFF	6
3074	#FFFFFF	6
3085	#FFFFFF	6
3096	#FFFFFF	6
3097	#FFFFFF	6
3098	#FFFFFF	6
3099	#FFFFFF	6
3100	#FFFFFF	6
3102	#FFFFFF	6
3103	#FFFFFF	6
3104	#FFFFFF	6
3105	#FFFFFF	6
3106	#FFFFFF	6
3107	#FFFFFF	6
3108	#FFFFFF	6
3109	#FFFFFF	6
3110	#FFFFFF	6
3111	#FFFFFF	6
3112	#FFFFFF	6
3113	#FFFFFF	6
3114	#FFFFFF	6
3115	#FFFFFF	6
3116	#FFFFFF	6
3117	#FFFFFF	6
3118	#FFFFFF	6
3119	#FFFFFF	6
3120	#FFFFFF	6
3121	#FFFFFF	6
3125	#FFFFFF	6
3136	#FFFFFF	6
3146	#FFFFFF	6
3147	#FFFFFF	6
3148	#FFFFFF	6
3149	#FFFFFF	6
3150	#FFFFFF	6
3151	#FFFFFF	6
3152	#FFFFFF	6
3153	#FFFFFF	6
3154	#FFFFFF	6
3155	#FFFFFF	6
3156	#FFFFFF	6
3157	#FFFFFF	6
3158	#FFFFFF	6
3159	#FFFFFF	6
3160	#FFFFFF	6
3161	#FFFFFF	6
3162	#FFFFFF	6
3163	#FFFFFF	6
3164	#FFFFFF	6
3165	#FFFFFF	6
3166	#FFFFFF	6
3167	#FFFFFF	6
3168	#FFFFFF	6
3169	#FFFFFF	6
3170	#FFFFFF	6
3174	#FFFFFF	6
3185	#FFFFFF	6
3196	#FFFFFF	6
3197	#FFFFFF	6
3198	#FFFFFF	6
3199	#FFFFFF	6
3200	#FFFFFF	6
3202	#FFFFFF	6
3203	#FFFFFF	6
3204	#FFFFFF	6
3205	#FFFFFF	6
3206	#FFFFFF	6
3207	#FFFFFF	6
3208	#FFFFFF	6
3209	#FFFFFF	6
3210	#FFFFFF	6
3211	#FFFFFF	6
3212	#FFFFFF	6
3213	#FFFFFF	6
3214	#FFFFFF	6
3215	#FFFFFF	6
3216	#FFFFFF	6
3217	#FFFFFF	6
3218	#FFFFFF	6
3219	#FFFFFF	6
3220	#FFFFFF	6
3225	#FFFFFF	6
3236	#FFFFFF	6
3246	#FFFFFF	6
3247	#FFFFFF	6
3248	#FFFFFF	6
3249	#FFFFFF	6
3250	#FFFFFF	6
3251	#FFFFFF	6
3252	#FFFFFF	6
3253	#FFFFFF	6
3254	#FFFFFF	6
3255	#FFFFFF	6
3256	#FFFFFF	6
3257	#FFFFFF	6
3258	#FFFFFF	6
3259	#FFFFFF	6
3260	#FFFFFF	6
3261	#FFFFFF	6
3262	#FFFFFF	6
3263	#FFFFFF	6
3264	#FFFFFF	6
3265	#FFFFFF	6
3266	#FFFFFF	6
3267	#FFFFFF	6
3268	#FFFFFF	6
3269	#FFFFFF	6
3274	#FFFFFF	6
3285	#FFFFFF	6
3296	#FFFFFF	6
3297	#FFFFFF	6
3298	#FFFFFF	6
3299	#FFFFFF	6
3300	#FFFFFF	6
3302	#FFFFFF	6
3303	#FFFFFF	6
3304	#FFFFFF	6
3305	#FFFFFF	6
3306	#FFFFFF	6
3307	#FFFFFF	6
3308	#FFFFFF	6
3309	#FFFFFF	6
3310	#FFFFFF	6
3311	#FFFFFF	6
3312	#FFFFFF	6
3313	#FFFFFF	6
3314	#FFFFFF	6
3315	#FFFFFF	6
3316	#FFFFFF	6
3317	#FFFFFF	6
3318	#FFFFFF	6
3319	#FFFFFF	6
3325	#FFFFFF	6
3336	#FFFFFF	6
3346	#FFFFFF	6
3347	#FFFFFF	6
3348	#FFFFFF	6
3349	#FFFFFF	6
3350	#FFFFFF	6
3351	#CD1076	51
3352	#FFFFFF	22
3353	#FFFFFF	6
3354	#FFFFFF	6
3355	#FFFFFF	6
3356	#FFFFFF	8
3357	#FFFFFF	8
3358	#FFFFFF	8
3359	#FFFFFF	8
3360	#FFFFFF	8
3361	#FFFFFF	6
3362	#FFFFFF	6
3363	#CD1076	16
3364	#FFFFFF	6
3365	#FFFFFF	6
3366	#FFFFFF	6
3367	#FFFFFF	6
3368	#FFFFFF	6
3369	#FFFFFF	6
3370	#FFFFFF	6
3371	#FFFFFF	6
3372	#FFFFFF	8
3373	#FFFFFF	6
3374	#CD1076	16
3375	#FFFFFF	8
3376	#FFFFFF	6
3377	#FFFFFF	6
3378	#FFFFFF	6
3379	#FFFFFF	6
3380	#FFFFFF	6
3381	#FFFFFF	6
3382	#FFFFFF	6
3383	#FFFFFF	6
3384	#FFFFFF	6
3385	#CD1076	16
3386	#FFFFFF	8
3387	#FFFFFF	8
3388	#FFFFFF	5
3389	#FFFFFF	8
3390	#FFFFFF	8
3391	#FFFFFF	5
3392	#FFFFFF	8
3393	#FFFFFF	8
3394	#FFFFFF	8
3395	#FFFFFF	8
3396	#FFFFFF	6
3397	#FFFFFF	6
3398	#FFFFFF	6
3399	#FFFFFF	6
3400	#FFFFFF	6
3403	#CD1076	20
3404	#FFFFFF	6
3405	#FFFFFF	6
3406	#FFFFFF	6
3407	#FFFFFF	6
3408	#FFFFFF	8
3409	#FFFFFF	8
3410	#FFFFFF	8
3411	#FFFFFF	8
3412	#FFFFFF	6
3413	#FFFFFF	6
3414	#CD1076	16
3415	#FFFFFF	6
3416	#FFFFFF	6
3417	#FFFFFF	6
3418	#FFFFFF	6
3419	#FFFFFF	6
3420	#FFFFFF	6
3421	#FFFFFF	6
3422	#FFFFFF	6
3423	#FFFFFF	8
3424	#FFFFFF	8
3425	#CD1076	16
3426	#FFFFFF	6
3427	#FFFFFF	6
3428	#FFFFFF	6
3429	#FFFFFF	6
3430	#FFFFFF	6
3431	#FFFFFF	6
3432	#FFFFFF	6
3433	#FFFFFF	6
3434	#FFFFFF	6
3435	#FFFFFF	8
3436	#CD1076	16
3437	#FFFFFF	8
3438	#FFFFFF	8
3439	#FFFFFF	5
3440	#FFFFFF	8
3441	#FFFFFF	8
3442	#FFFFFF	5
3443	#FFFFFF	5
3444	#FFFFFF	5
3445	#FFFFFF	8
3446	#FFFFFF	6
3447	#FFFFFF	6
3448	#FFFFFF	6
3449	#FFFFFF	6
3450	#FFFFFF	6
3451	#FFFFFF	6
3452	#FFFFFF	6
3453	#FFFFFF	6
3454	#FFFFFF	6
3455	#FFFFFF	6
3456	#FFFFFF	6
3457	#FFFFFF	6
3458	#FFFFFF	6
3459	#FFFFFF	6
3460	#FFFFFF	6
3461	#FFFFFF	6
3462	#FFFFFF	6
3463	#FFFFFF	6
3464	#FFFFFF	6
3465	#FFFFFF	6
3466	#FFFFFF	6
3467	#FFFFFF	6
3468	#FFFFFF	6
3474	#FFFFFF	6
3485	#FFFFFF	6
3496	#FFFFFF	6
3497	#FFFFFF	6
3498	#FFFFFF	6
3499	#FFFFFF	6
3500	#FFFFFF	6
3502	#FFFFFF	6
3503	#FFFFFF	6
3504	#FFFFFF	6
3505	#FFFFFF	6
3506	#FFFFFF	6
3507	#FFFFFF	6
3508	#FFFFFF	6
3509	#FFFFFF	6
3510	#FFFFFF	6
3511	#FFFFFF	6
3512	#FFFFFF	6
3513	#FFFFFF	6
3514	#FFFFFF	6
3515	#FFFFFF	6
3516	#FFFFFF	6
3517	#FFFFFF	6
3518	#FFFFFF	6
3525	#FFFFFF	6
3536	#FFFFFF	6
3546	#FFFFFF	6
3547	#FFFFFF	6
3548	#FFFFFF	6
3549	#FFFFFF	6
3550	#FFFFFF	6
3551	#FFFFFF	6
3552	#FFFFFF	6
3553	#FFFFFF	6
3554	#FFFFFF	6
3555	#FFFFFF	6
3556	#FFFFFF	6
3557	#FFFFFF	6
3558	#FFFFFF	6
3559	#FFFFFF	6
3560	#FFFFFF	6
3561	#FFFFFF	6
3562	#FFFFFF	6
3563	#FFFFFF	6
3564	#FFFFFF	6
3565	#FFFFFF	6
3566	#FFFFFF	6
3567	#FFFFFF	6
3574	#FFFFFF	6
3585	#FFFFFF	6
3596	#FFFFFF	6
3597	#FFFFFF	6
3598	#FFFFFF	6
3599	#FFFFFF	6
3600	#FFFFFF	6
3602	#FFFFFF	6
3603	#FFFFFF	6
3604	#FFFFFF	6
3605	#FFFFFF	6
3606	#FFFFFF	6
3607	#FFFFFF	6
3608	#FFFFFF	6
3609	#FFFFFF	6
3610	#FFFFFF	6
3611	#FFFFFF	6
3612	#FFFFFF	6
3613	#FFFFFF	6
3614	#FFFFFF	6
3615	#FFFFFF	6
3616	#FFFFFF	6
3617	#FFFFFF	6
3625	#FFFFFF	6
3636	#FFFFFF	6
3646	#FFFFFF	6
3647	#FFFFFF	6
3648	#FFFFFF	6
3649	#FFFFFF	6
3650	#FFFFFF	6
3651	#FFFFFF	6
3652	#FFFFFF	6
3653	#FFFFFF	6
3654	#FFFFFF	6
3655	#FFFFFF	6
3656	#FFFFFF	6
3657	#FFFFFF	6
3658	#FFFFFF	6
3659	#FFFFFF	6
3660	#FFFFFF	6
3661	#FFFFFF	6
3662	#FFFFFF	6
3663	#FFFFFF	6
3664	#FFFFFF	6
3665	#FFFFFF	6
3666	#FFFFFF	6
3674	#FFFFFF	6
3685	#FFFFFF	6
3696	#FFFFFF	6
3697	#FFFFFF	6
3698	#FFFFFF	6
3699	#FFFFFF	6
3700	#FFFFFF	6
3702	#FFFFFF	6
3703	#FFFFFF	6
3704	#FFFFFF	6
3705	#FFFFFF	6
3706	#FFFFFF	6
3707	#FFFFFF	6
3708	#FFFFFF	6
3709	#FFFFFF	6
3710	#FFFFFF	6
3711	#FFFFFF	6
3712	#FFFFFF	6
3713	#FFFFFF	6
3714	#FFFFFF	6
3715	#FFFFFF	6
3716	#FFFFFF	6
3725	#FFFFFF	6
3736	#FFFFFF	6
3746	#FFFFFF	6
3747	#FFFFFF	6
3748	#FFFFFF	6
3749	#FFFFFF	6
3750	#FFFFFF	6
3751	#FFFFFF	6
3752	#FFFFFF	6
3753	#FFFFFF	6
3754	#FFFFFF	6
3755	#FFFFFF	6
3756	#FFFFFF	6
3757	#FFFFFF	6
3758	#FFFFFF	6
3759	#FFFFFF	6
3760	#FFFFFF	6
3761	#FFFFFF	6
3762	#FFFFFF	6
3763	#FFFFFF	6
3764	#FFFFFF	6
3765	#FFFFFF	6
3774	#FFFFFF	6
3785	#FFFFFF	6
3796	#FFFFFF	6
3797	#FFFFFF	6
3798	#FFFFFF	6
3799	#FFFFFF	6
3800	#FFFFFF	6
3802	#FFFFFF	6
3803	#FFFFFF	6
3804	#FFFFFF	6
3805	#FFFFFF	6
3806	#FFFFFF	6
3807	#FFFFFF	6
3808	#FFFFFF	6
3809	#FFFFFF	6
3810	#FFFFFF	6
3811	#FFFFFF	6
3812	#FFFFFF	6
3813	#FFFFFF	6
3814	#FFFFFF	6
3815	#FFFFFF	6
3825	#FFFFFF	6
3836	#FFFFFF	6
3846	#FFFFFF	6
3847	#FFFFFF	6
3848	#FFFFFF	6
3849	#FFFFFF	6
3850	#FFFFFF	6
3851	#FFFFFF	6
3852	#FFFFFF	6
3853	#FFFFFF	6
3854	#FFFFFF	6
3855	#FFFFFF	6
3856	#FFFFFF	6
3857	#FFFFFF	6
3858	#FFFFFF	6
3859	#FFFFFF	6
3860	#FFFFFF	6
3861	#FFFFFF	6
3862	#FFFFFF	6
3863	#FFFFFF	6
3864	#FFFFFF	6
3874	#FFFFFF	6
3885	#FFFFFF	6
3896	#FFFFFF	6
3897	#FFFFFF	6
3898	#FFFFFF	6
3899	#FFFFFF	6
3900	#FFFFFF	6
3902	#FFFFFF	6
3903	#FFFFFF	6
3904	#FFFFFF	6
3905	#FFFFFF	6
3906	#FFFFFF	6
3907	#FFFFFF	6
3908	#FFFFFF	6
3909	#FFFFFF	6
3910	#FFFFFF	6
3911	#FFFFFF	6
3912	#FFFFFF	6
3913	#FFFFFF	6
3914	#FFFFFF	6
3925	#FFFFFF	6
3936	#FFFFFF	6
3946	#FFFFFF	6
3947	#FFFFFF	6
3948	#FFFFFF	6
3949	#FFFFFF	6
3950	#FFFFFF	6
3951	#FFFFFF	6
3952	#FFFFFF	6
3953	#FFFFFF	6
3954	#FFFFFF	6
3955	#FFFFFF	6
3956	#FFFFFF	6
3957	#FFFFFF	6
3958	#FFFFFF	6
3959	#FFFFFF	6
3960	#FFFFFF	6
3961	#FFFFFF	6
3962	#FFFFFF	6
3963	#FFFFFF	6
3974	#FFFFFF	6
3985	#FFFFFF	6
3987	#FFFFFF	6
3988	#FFFFFF	6
3989	#FFFFFF	6
3990	#FFFFFF	6
3991	#FFFFFF	6
3993	#CD1076	20
3994	#FFFFFF	6
3995	#FFFFFF	6
3996	#FFFFFF	6
3997	#FFFFFF	6
3998	#FFFFFF	8
3999	#FFFFFF	8
4000	#FFFFFF	8
4001	#FFFFFF	8
4002	#FFFFFF	6
4003	#FFFFFF	8
4004	#CD1076	33
4005	#FFFFFF	6
4006	#FFFFFF	6
4007	#FFFFFF	6
4008	#FFFFFF	6
4009	#FFFFFF	6
4010	#FFFFFF	6
4011	#FFFFFF	6
4012	#FFFFFF	6
4013	#FFFFFF	6
4014	#FFFFFF	8
4015	#CD1076	33
4016	#FFFFFF	6
4017	#FFFFFF	6
4018	#FFFFFF	6
4019	#FFFFFF	6
4020	#FFFFFF	6
4021	#FFFFFF	6
4022	#FFFFFF	6
4023	#FFFFFF	6
4024	#FFFFFF	6
4025	#FFFFFF	8
4026	#CD1076	33
4027	#FFFFFF	8
4028	#FFFFFF	8
4029	#FFFFFF	8
4030	#FFFFFF	8
4031	#FFFFFF	8
4032	#FFFFFF	8
4033	#FFFFFF	5
4034	#FFFFFF	5
4035	#FFFFFF	5
4036	#FFFFFF	8
4037	#CD1076	16
4038	#FFFFFF	6
4039	#FFFFFF	6
4040	#FFFFFF	6
4041	#FFFFFF	6
4043	#FFFFFF	54
4044	#CD1076	33
4045	#FFFFFF	6
4046	#FFFFFF	6
4047	#FFFFFF	6
4048	#FFFFFF	6
4049	#FFFFFF	8
4050	#FFFFFF	8
4051	#FFFFFF	8
4052	#FFFFFF	8
4053	#FFFFFF	6
4054	#FFFFFF	8
4055	#CD1076	33
4056	#FFFFFF	6
4057	#FFFFFF	6
4058	#FFFFFF	6
4059	#FFFFFF	6
4060	#FFFFFF	6
4061	#FFFFFF	6
4062	#FFFFFF	6
4063	#FFFFFF	6
4064	#FFFFFF	6
4065	#FFFFFF	8
4066	#CD1076	33
4067	#FFFFFF	6
4068	#FFFFFF	6
4069	#FFFFFF	6
4070	#FFFFFF	6
4071	#FFFFFF	6
4072	#FFFFFF	6
4073	#FFFFFF	6
4074	#FFFFFF	6
4075	#FFFFFF	8
4076	#FFFFFF	8
4077	#CD1076	33
4078	#FFFFFF	8
4079	#FFFFFF	8
4080	#FFFFFF	8
4081	#FFFFFF	8
4082	#FFFFFF	8
4083	#FFFFFF	5
4084	#FFFFFF	5
4085	#FFFFFF	5
4086	#FFFFFF	5
4087	#CD1076	33
4088	#FFFFFF	6
4089	#FFFFFF	6
4090	#FFFFFF	6
4091	#FFFFFF	6
4092	#CD1076	33
4094	#FFFFFF	6
4095	#FFFFFF	6
4096	#FFFFFF	6
4097	#FFFFFF	6
4098	#FFFFFF	6
4099	#FFFFFF	8
4100	#FFFFFF	8
4101	#FFFFFF	8
4102	#FFFFFF	8
4103	#FFFFFF	8
4104	#CD1076	1
4105	#FFFFFF	6
4106	#FFFFFF	6
4107	#FFFFFF	6
4108	#FFFFFF	6
4109	#FFFFFF	6
4110	#FFFFFF	6
4111	#FFFFFF	6
4112	#FFFFFF	6
4113	#FFFFFF	6
4114	#FFFFFF	8
4115	#CD1076	1
4116	#FFFFFF	8
4117	#FFFFFF	8
4118	#FFFFFF	6
4119	#FFFFFF	6
4120	#FFFFFF	6
4121	#FFFFFF	6
4122	#FFFFFF	6
4123	#FFFFFF	8
4124	#FFFFFF	8
4125	#FFFFFF	8
4126	#CD1076	33
4127	#FFFFFF	8
4128	#FFFFFF	8
4129	#FFFFFF	8
4130	#FFFFFF	8
4131	#FFFFFF	8
4132	#FFFFFF	5
4133	#FFFFFF	5
4134	#FFFFFF	5
4135	#FFFFFF	5
4136	#FFFFFF	8
4137	#CD1076	33
4138	#CD1076	33
4139	#FFFFFF	6
4140	#FFFFFF	6
4141	#FFFFFF	6
4143	#CD1076	33
4144	#FFFFFF	2
4145	#FFFFFF	6
4146	#FFFFFF	6
4147	#FFFFFF	6
4148	#FFFFFF	6
4149	#FFFFFF	8
4150	#FFFFFF	8
4151	#FFFFFF	8
4152	#FFFFFF	8
4153	#FFFFFF	8
4154	#FFFFFF	8
4155	#CD1076	1
4156	#FFFFFF	6
4157	#FFFFFF	6
4158	#FFFFFF	6
4159	#FFFFFF	6
4160	#FFFFFF	6
4161	#FFFFFF	6
4162	#FFFFFF	6
4163	#FFFFFF	6
4164	#FFFFFF	6
4165	#FFFFFF	8
4166	#CD1076	33
4167	#FFFFFF	8
4168	#FFFFFF	8
4169	#FFFFFF	8
4170	#FFFFFF	8
4171	#FFFFFF	6
4172	#FFFFFF	6
4173	#FFFFFF	6
4174	#FFFFFF	8
4175	#FFFFFF	8
4176	#FFFFFF	8
4177	#CD1076	33
4178	#FFFFFF	8
4179	#FFFFFF	8
4180	#FFFFFF	8
4181	#FFFFFF	8
4182	#FFFFFF	8
4183	#FFFFFF	5
4184	#FFFFFF	5
4185	#FFFFFF	5
4186	#FFFFFF	5
4187	#CD1076	33
4188	#CD1076	33
4189	#FFFFFF	6
4190	#FFFFFF	6
4191	#FFFFFF	6
4192	#CD1076	56
4193	#CD1076	33
4194	#FFFFFF	6
4195	#FFFFFF	6
4196	#FFFFFF	6
4197	#FFFFFF	6
4198	#FFFFFF	8
4199	#FFFFFF	6
4200	#FFFFFF	6
4201	#FFFFFF	8
4202	#FFFFFF	8
4203	#FFFFFF	6
4205	#FFFFFF	6
4206	#FFFFFF	6
4207	#FFFFFF	6
4208	#FFFFFF	6
4209	#FFFFFF	6
4210	#FFFFFF	6
4211	#FFFFFF	6
4212	#FFFFFF	6
4213	#FFFFFF	6
4214	#FFFFFF	6
4215	#CD1076	1
4216	#FFFFFF	8
4217	#FFFFFF	8
4218	#FFFFFF	8
4219	#FFFFFF	8
4220	#FFFFFF	8
4221	#FFFFFF	6
4222	#FFFFFF	6
4223	#FFFFFF	6
4224	#FFFFFF	8
4225	#FFFFFF	8
4226	#CD1076	33
4227	#FFFFFF	8
4228	#FFFFFF	8
4229	#FFFFFF	8
4230	#FFFFFF	8
4231	#FFFFFF	8
4232	#FFFFFF	5
4233	#FFFFFF	5
4234	#FFFFFF	5
4235	#FFFFFF	5
4236	#FFFFFF	5
4237	#CD1076	33
4238	#CD1076	33
4239	#CD1076	33
4240	#FFFFFF	6
4241	#FFFFFF	6
4243	#CD1076	56
4244	#CD1076	1
4245	#FFFFFF	6
4246	#FFFFFF	6
4247	#FFFFFF	6
4248	#FFFFFF	8
4249	#FFFFFF	6
4250	#FFFFFF	6
4251	#FFFFFF	6
4252	#FFFFFF	8
4253	#FFFFFF	6
4254	#FFFFFF	6
4255	#FFFFFF	2
4256	#FFFFFF	6
4257	#FFFFFF	6
4258	#FFFFFF	6
4259	#FFFFFF	6
4260	#FFFFFF	6
4261	#FFFFFF	6
4262	#FFFFFF	6
4263	#FFFFFF	6
4264	#FFFFFF	6
4265	#FFFFFF	6
4266	#CD1076	1
4267	#FFFFFF	8
4268	#FFFFFF	8
4269	#FFFFFF	8
4270	#FFFFFF	8
4271	#FFFFFF	6
4272	#FFFFFF	6
4273	#FFFFFF	6
4274	#FFFFFF	6
4275	#FFFFFF	8
4276	#FFFFFF	8
4277	#CD1076	33
4278	#FFFFFF	8
4279	#FFFFFF	8
4280	#FFFFFF	8
4281	#FFFFFF	8
4282	#FFFFFF	8
4283	#FFFFFF	8
4284	#FFFFFF	5
4285	#FFFFFF	5
4286	#FFFFFF	5
4287	#CD1076	34
4288	#CD1076	34
4289	#CD1076	33
4290	#FFFFFF	6
4291	#FFFFFF	6
4292	#CD1076	56
4293	#CD1076	14
4294	#FFFFFF	6
4295	#FFFFFF	6
4296	#FFFFFF	8
4297	#FFFFFF	8
4298	#FFFFFF	8
4299	#FFFFFF	6
4300	#FFFFFF	6
4301	#FFFFFF	6
4302	#FFFFFF	6
4303	#FFFFFF	6
4304	#CD1076	1
4305	#FFFFFF	6
4306	#FFFFFF	6
4307	#FFFFFF	6
4308	#FFFFFF	6
4309	#FFFFFF	6
4310	#FFFFFF	6
4311	#FFFFFF	6
4312	#FFFFFF	6
4313	#FFFFFF	6
4314	#FFFFFF	6
4316	#FFFFFF	6
4317	#FFFFFF	8
4318	#FFFFFF	8
4319	#FFFFFF	8
4320	#FFFFFF	8
4321	#FFFFFF	6
4322	#FFFFFF	6
4323	#FFFFFF	6
4324	#FFFFFF	6
4325	#FFFFFF	8
4326	#CD1076	1
4327	#FFFFFF	8
4328	#FFFFFF	8
4329	#FFFFFF	8
4330	#FFFFFF	8
4331	#FFFFFF	8
4332	#FFFFFF	8
4333	#FFFFFF	5
4334	#FFFFFF	5
4335	#FFFFFF	5
4336	#FFFFFF	5
4337	#CD1076	1
4338	#CD1076	34
4339	#CD1076	33
4340	#CD1076	33
4341	#FFFFFF	6
4343	#CD1076	56
4344	#CD1076	14
4345	#FFFFFF	6
4346	#FFFFFF	6
4347	#FFFFFF	8
4348	#FFFFFF	8
4349	#FFFFFF	6
4350	#FFFFFF	6
4351	#FFFFFF	6
4352	#FFFFFF	6
4353	#FFFFFF	6
4354	#FFFFFF	6
4355	#CD1076	1
4356	#FFFFFF	6
4357	#FFFFFF	6
4358	#FFFFFF	6
4359	#FFFFFF	6
4360	#FFFFFF	6
4361	#FFFFFF	6
4362	#FFFFFF	6
4363	#FFFFFF	6
4364	#FFFFFF	6
4365	#FFFFFF	6
4366	#FFFFFF	53
4367	#FFFFFF	8
4368	#FFFFFF	8
4369	#FFFFFF	8
4370	#FFFFFF	8
4371	#FFFFFF	6
4372	#FFFFFF	6
4373	#FFFFFF	6
4374	#FFFFFF	8
4375	#FFFFFF	8
4376	#FFFFFF	8
4377	#CD1076	1
4378	#FFFFFF	8
4379	#FFFFFF	8
4380	#FFFFFF	8
4381	#FFFFFF	8
4382	#FFFFFF	8
4383	#FFFFFF	5
4384	#FFFFFF	8
4385	#FFFFFF	5
4386	#FFFFFF	5
4387	#CD1076	1
4388	#CD1076	34
4389	#CD1076	34
4390	#CD1076	72
4391	#FFFFFF	6
4392	#CD1076	56
4393	#CD1076	56
4394	#FFFFFF	6
4395	#FFFFFF	6
4396	#FFFFFF	8
4397	#FFFFFF	8
4398	#FFFFFF	6
4399	#FFFFFF	6
4400	#FFFFFF	6
4401	#FFFFFF	6
4402	#FFFFFF	6
4403	#FFFFFF	6
4404	#CD1076	14
4405	#FFFFFF	6
4406	#FFFFFF	6
4407	#FFFFFF	6
4408	#FFFFFF	6
4409	#FFFFFF	6
4410	#FFFFFF	6
4411	#FFFFFF	6
4412	#FFFFFF	6
4413	#FFFFFF	6
4414	#FFFFFF	6
4415	#CD1076	38
4416	#FFFFFF	6
4417	#FFFFFF	6
4418	#FFFFFF	8
4419	#FFFFFF	8
4420	#FFFFFF	6
4421	#FFFFFF	6
4422	#FFFFFF	6
4423	#FFFFFF	6
4424	#FFFFFF	8
4425	#FFFFFF	8
4426	#FFFFFF	53
4427	#FFFFFF	8
4428	#FFFFFF	8
4429	#FFFFFF	8
4430	#FFFFFF	8
4431	#FFFFFF	8
4432	#FFFFFF	8
4433	#FFFFFF	8
4434	#FFFFFF	5
4435	#FFFFFF	5
4436	#FFFFFF	5
4437	#E36F9D	24
4438	#CD1076	1
4439	#CD1076	34
4440	#CD1076	34
4441	#CD1076	72
4443	#CD1076	56
4444	#CD1076	14
4445	#FFFFFF	6
4446	#FFFFFF	6
4447	#FFFFFF	8
4448	#FFFFFF	6
4449	#FFFFFF	6
4450	#FFFFFF	6
4451	#FFFFFF	6
4452	#FFFFFF	6
4453	#FFFFFF	6
4454	#FFFFFF	6
4455	#CD1076	14
4456	#FFFFFF	6
4457	#FFFFFF	6
4458	#FFFFFF	6
4459	#FFFFFF	6
4460	#FFFFFF	6
4461	#FFFFFF	6
4462	#FFFFFF	6
4463	#FFFFFF	6
4464	#FFFFFF	6
4465	#FFFFFF	6
4466	#CD1076	38
4467	#FFFFFF	6
4468	#FFFFFF	6
4469	#FFFFFF	8
4470	#FFFFFF	8
4471	#FFFFFF	6
4472	#FFFFFF	6
4473	#FFFFFF	6
4474	#FFFFFF	6
4475	#FFFFFF	8
4476	#FFFFFF	8
4478	#FFFFFF	8
4479	#FFFFFF	8
4480	#FFFFFF	8
4481	#FFFFFF	8
4482	#FFFFFF	8
4483	#FFFFFF	8
4484	#FFFFFF	5
4485	#FFFFFF	5
4486	#FFFFFF	5
4487	#E36F9D	24
4488	#CD1076	1
4489	#E36F9D	24
4490	#CD1076	72
4491	#CD1076	72
4492	#CD1076	71
4493	#FFFFFF	6
4494	#FFFFFF	6
4495	#FFFFFF	6
4496	#FFFFFF	8
4497	#FFFFFF	8
4498	#FFFFFF	8
4499	#FFFFFF	8
4500	#FFFFFF	6
4501	#FFFFFF	6
4502	#FFFFFF	8
4503	#FFFFFF	8
4504	#FFFFFF	6
4505	#FFFFFF	6
4506	#FFFFFF	6
4507	#FFFFFF	8
4508	#FFFFFF	6
4509	#FFFFFF	6
4510	#FFFFFF	6
4511	#FFFFFF	8
4512	#FFFFFF	8
4513	#FFFFFF	8
4514	#FFFFFF	8
4515	#FFFFFF	6
4516	#FFFFFF	6
4517	#FFFFFF	6
4518	#FFFFFF	6
4519	#FFFFFF	6
4520	#FFFFFF	6
4521	#FFFFFF	6
4522	#FFFFFF	8
4523	#FFFFFF	8
4524	#FFFFFF	8
4525	#FFFFFF	8
4526	#FFFFFF	6
4527	#FFFFFF	5
4528	#FFFFFF	8
4529	#FFFFFF	5
4530	#FFFFFF	5
4531	#FFFFFF	5
4532	#FFFFFF	5
4533	#FFFFFF	8
4534	#FFFFFF	8
4535	#FFFFFF	8
4536	#FFFFFF	8
4537	#FFFFFF	74
4538	#FFFFFF	6
4539	#FFFFFF	6
4540	#FFFFFF	6
4541	#FFFFFF	6
4543	#FFFFFF	6
4544	#FFFFFF	6
4545	#FFFFFF	6
4546	#FFFFFF	8
4547	#FFFFFF	8
4548	#FFFFFF	8
4549	#FFFFFF	8
4550	#FFFFFF	6
4551	#FFFFFF	6
4552	#FFFFFF	8
4553	#FFFFFF	8
4554	#FFFFFF	8
4555	#FFFFFF	6
4556	#FFFFFF	8
4557	#FFFFFF	8
4558	#FFFFFF	6
4559	#FFFFFF	6
4560	#FFFFFF	8
4561	#FFFFFF	8
4562	#FFFFFF	8
4563	#FFFFFF	8
4564	#FFFFFF	6
4565	#FFFFFF	8
4566	#FFFFFF	6
4567	#FFFFFF	6
4568	#FFFFFF	6
4569	#FFFFFF	6
4570	#FFFFFF	6
4571	#FFFFFF	6
4572	#FFFFFF	8
4573	#FFFFFF	8
4574	#FFFFFF	8
4575	#FFFFFF	8
4576	#FFFFFF	8
4577	#FFFFFF	6
4578	#FFFFFF	5
4579	#FFFFFF	8
4580	#FFFFFF	5
4581	#FFFFFF	5
4582	#FFFFFF	5
4583	#FFFFFF	5
4584	#FFFFFF	5
4585	#FFFFFF	8
4586	#FFFFFF	8
4587	#FFFFFF	23
4588	#FFFFFF	6
4589	#FFFFFF	6
4590	#FFFFFF	6
4591	#FFFFFF	6
4592	#FFFFFF	6
4593	#FFFFFF	6
4594	#FFFFFF	6
4595	#FFFFFF	8
4596	#FFFFFF	8
4597	#FFFFFF	8
4598	#FFFFFF	8
4599	#FFFFFF	8
4600	#FFFFFF	8
4601	#FFFFFF	8
4602	#FFFFFF	8
4603	#FFFFFF	8
4604	#FFFFFF	6
4605	#FFFFFF	8
4606	#FFFFFF	8
4607	#FFFFFF	8
4608	#FFFFFF	8
4609	#FFFFFF	6
4610	#FFFFFF	8
4611	#FFFFFF	8
4612	#FFFFFF	8
4613	#FFFFFF	8
4614	#FFFFFF	6
4615	#FFFFFF	6
4616	#FFFFFF	6
4617	#FFFFFF	6
4618	#FFFFFF	6
4619	#FFFFFF	6
4620	#FFFFFF	6
4621	#FFFFFF	8
4622	#FFFFFF	8
4623	#FFFFFF	8
4624	#FFFFFF	8
4625	#FFFFFF	8
4626	#FFFFFF	6
4627	#FFFFFF	8
4628	#FFFFFF	5
4629	#FFFFFF	5
4630	#FFFFFF	5
4631	#FFFFFF	5
4632	#FFFFFF	5
4633	#FFFFFF	5
4634	#FFFFFF	5
4635	#FFFFFF	8
4636	#FFFFFF	8
4637	#FFFFFF	6
4638	#FFFFFF	23
4639	#FFFFFF	6
4640	#FFFFFF	6
4641	#FFFFFF	6
4643	#FFFFFF	6
4644	#FFFFFF	6
4645	#FFFFFF	8
4646	#FFFFFF	8
4647	#FFFFFF	8
4648	#FFFFFF	8
4649	#FFFFFF	8
4650	#FFFFFF	8
4651	#FFFFFF	8
4652	#FFFFFF	8
4653	#FFFFFF	8
4654	#FFFFFF	8
4655	#FFFFFF	6
4656	#FFFFFF	8
4657	#FFFFFF	8
4658	#FFFFFF	8
4659	#FFFFFF	6
4660	#FFFFFF	8
4661	#FFFFFF	8
4662	#FFFFFF	8
4663	#FFFFFF	8
4664	#FFFFFF	6
4665	#FFFFFF	6
4666	#FFFFFF	6
4667	#FFFFFF	6
4668	#FFFFFF	6
4669	#FFFFFF	6
4670	#FFFFFF	6
4671	#FFFFFF	8
4672	#FFFFFF	8
4673	#FFFFFF	5
4674	#FFFFFF	8
4675	#FFFFFF	8
4676	#FFFFFF	8
4677	#FFFFFF	6
4678	#FFFFFF	5
4679	#FFFFFF	5
4680	#FFFFFF	5
4681	#FFFFFF	5
4682	#FFFFFF	5
4683	#FFFFFF	5
4684	#FFFFFF	5
4685	#FFFFFF	5
4686	#FFFFFF	8
4687	#FFFFFF	6
4688	#FFFFFF	6
4689	#FFFFFF	6
4690	#FFFFFF	6
4691	#FFFFFF	6
4692	#FFFFFF	6
4693	#FFFFFF	6
4694	#FFFFFF	8
4695	#FFFFFF	8
4696	#FFFFFF	8
4697	#FFFFFF	8
4698	#FFFFFF	8
4699	#FFFFFF	8
4700	#FFFFFF	8
4701	#FFFFFF	8
4702	#FFFFFF	8
4703	#FFFFFF	8
4704	#FFFFFF	6
4705	#FFFFFF	8
4706	#FFFFFF	8
4707	#FFFFFF	8
4708	#FFFFFF	8
4709	#FFFFFF	8
4710	#FFFFFF	8
4711	#FFFFFF	8
4712	#FFFFFF	8
4713	#FFFFFF	8
4714	#FFFFFF	8
4715	#FFFFFF	6
4716	#FFFFFF	8
4717	#FFFFFF	8
4718	#FFFFFF	8
4719	#FFFFFF	8
4720	#FFFFFF	8
4721	#FFFFFF	5
4722	#FFFFFF	5
4723	#FFFFFF	8
4724	#FFFFFF	8
4725	#FFFFFF	8
4726	#FFFFFF	6
4727	#FFFFFF	5
4728	#FFFFFF	5
4729	#FFFFFF	5
4730	#FFFFFF	5
4731	#FFFFFF	5
4732	#FFFFFF	5
4733	#FFFFFF	5
4734	#FFFFFF	8
4735	#FFFFFF	5
4736	#FFFFFF	8
4737	#FFFFFF	6
4738	#FFFFFF	6
4740	#FFFFFF	63
4741	#FFFFFF	8
4743	#FFFFFF	6
4744	#FFFFFF	6
4745	#FFFFFF	8
4746	#FFFFFF	8
4747	#FFFFFF	8
4748	#FFFFFF	8
4749	#FFFFFF	8
4750	#FFFFFF	8
4751	#FFFFFF	8
4752	#FFFFFF	8
4753	#FFFFFF	8
4754	#FFFFFF	8
4755	#FFFFFF	6
4756	#FFFFFF	8
4757	#FFFFFF	8
4758	#FFFFFF	8
4759	#FFFFFF	8
4760	#FFFFFF	8
4761	#FFFFFF	8
4762	#FFFFFF	8
4763	#FFFFFF	8
4764	#FFFFFF	8
4765	#FFFFFF	8
4766	#FFFFFF	6
4767	#FFFFFF	8
4768	#FFFFFF	8
4769	#FFFFFF	8
4770	#FFFFFF	8
4771	#FFFFFF	8
4772	#FFFFFF	5
4773	#FFFFFF	8
4774	#FFFFFF	8
4775	#FFFFFF	8
4776	#FFFFFF	5
4777	#FFFFFF	6
4778	#FFFFFF	5
4779	#FFFFFF	5
4780	#FFFFFF	5
4781	#FFFFFF	5
4782	#FFFFFF	5
4783	#FFFFFF	5
4784	#FFFFFF	5
4785	#FFFFFF	8
4786	#FFFFFF	8
4787	#FFFFFF	6
4788	#FFFFFF	6
4790	#FFFFFF	8
4791	#FFFFFF	8
4792	#FFFFFF	6
4793	#FFFFFF	6
4794	#FFFFFF	8
4795	#FFFFFF	8
4796	#FFFFFF	8
4797	#FFFFFF	8
4798	#FFFFFF	8
4799	#FFFFFF	8
4800	#FFFFFF	8
4801	#FFFFFF	8
4802	#FFFFFF	8
4803	#FFFFFF	8
4804	#FFFFFF	6
4805	#FFFFFF	8
4806	#FFFFFF	8
4807	#FFFFFF	8
4808	#FFFFFF	8
4809	#FFFFFF	8
4810	#FFFFFF	8
4811	#FFFFFF	8
4812	#FFFFFF	8
4813	#FFFFFF	8
4814	#FFFFFF	8
4815	#FFFFFF	6
4816	#FFFFFF	8
4817	#FFFFFF	8
4818	#FFFFFF	5
4819	#FFFFFF	8
4820	#FFFFFF	8
4821	#FFFFFF	5
4822	#FFFFFF	8
4823	#FFFFFF	8
4824	#FFFFFF	8
4825	#FFFFFF	5
4826	#FFFFFF	6
4827	#FFFFFF	5
4828	#FFFFFF	5
4829	#FFFFFF	5
4830	#FFFFFF	5
4831	#FFFFFF	5
4832	#FFFFFF	5
4833	#FFFFFF	5
4834	#FFFFFF	5
4835	#FFFFFF	8
4836	#FFFFFF	8
4837	#FFFFFF	6
4838	#FFFFFF	6
4839	#FFFFFF	6
4841	#FFFFFF	8
4843	#FFFFFF	6
4844	#FFFFFF	6
4845	#FFFFFF	8
4846	#FFFFFF	8
4847	#FFFFFF	8
4848	#FFFFFF	8
4849	#FFFFFF	8
4850	#FFFFFF	8
4851	#FFFFFF	8
4852	#FFFFFF	8
4853	#FFFFFF	8
4854	#FFFFFF	8
4855	#FFFFFF	6
4856	#FFFFFF	8
4857	#FFFFFF	8
4858	#FFFFFF	8
4859	#FFFFFF	8
4860	#FFFFFF	8
4861	#FFFFFF	8
4862	#FFFFFF	8
4863	#FFFFFF	8
4864	#FFFFFF	8
4865	#FFFFFF	8
4866	#FFFFFF	6
4867	#FFFFFF	8
4868	#FFFFFF	8
4869	#FFFFFF	5
4870	#FFFFFF	8
4871	#FFFFFF	5
4872	#FFFFFF	5
4873	#FFFFFF	8
4874	#FFFFFF	8
4875	#FFFFFF	8
4876	#FFFFFF	5
4877	#FFFFFF	6
4878	#FFFFFF	5
4879	#FFFFFF	5
4880	#FFFFFF	5
4881	#FFFFFF	5
4882	#FFFFFF	5
4883	#FFFFFF	5
4884	#FFFFFF	5
4885	#FFFFFF	8
4886	#FFFFFF	8
4887	#FFFFFF	6
4888	#FFFFFF	6
4889	#FFFFFF	49
4890	#FFFFFF	66
4891	#FFFFFF	8
4892	#FFFFFF	6
4893	#FFFFFF	6
4894	#FFFFFF	8
4895	#FFFFFF	8
4896	#FFFFFF	8
4897	#FFFFFF	8
4898	#FFFFFF	8
4899	#FFFFFF	8
4900	#FFFFFF	8
4901	#FFFFFF	8
4902	#FFFFFF	8
4903	#FFFFFF	8
4904	#FFFFFF	6
4905	#FFFFFF	8
4906	#FFFFFF	8
4907	#FFFFFF	8
4908	#FFFFFF	8
4909	#FFFFFF	8
4910	#FFFFFF	8
4911	#FFFFFF	8
4912	#FFFFFF	8
4913	#FFFFFF	8
4914	#FFFFFF	8
4915	#FFFFFF	6
4916	#FFFFFF	8
4917	#FFFFFF	8
4918	#FFFFFF	5
4919	#FFFFFF	5
4920	#FFFFFF	8
4921	#FFFFFF	5
4922	#FFFFFF	5
4923	#FFFFFF	5
4924	#FFFFFF	8
4925	#FFFFFF	5
4926	#FFFFFF	6
4927	#FFFFFF	5
4928	#FFFFFF	5
4929	#FFFFFF	5
4930	#FFFFFF	5
4931	#FFFFFF	5
4932	#FFFFFF	5
4933	#FFFFFF	5
4934	#FFFFFF	5
4935	#FFFFFF	5
4936	#FFFFFF	5
4937	#FFFFFF	6
4938	#FFFFFF	6
4939	#FFFFFF	6
4940	#FFFFFF	6
4941	#FFFFFF	66
4943	#FFFFFF	6
4944	#FFFFFF	6
4945	#FFFFFF	8
4946	#FFFFFF	8
4947	#FFFFFF	8
4948	#FFFFFF	8
4949	#FFFFFF	8
4950	#FFFFFF	8
4951	#FFFFFF	8
4952	#FFFFFF	8
4953	#FFFFFF	8
4954	#FFFFFF	8
4955	#FFFFFF	6
4956	#FFFFFF	8
4957	#FFFFFF	8
4958	#FFFFFF	8
4959	#FFFFFF	8
4960	#FFFFFF	8
4961	#FFFFFF	8
4962	#FFFFFF	8
4963	#FFFFFF	8
4964	#FFFFFF	8
4965	#FFFFFF	8
4966	#FFFFFF	6
4967	#FFFFFF	8
4968	#FFFFFF	5
4969	#FFFFFF	5
4970	#FFFFFF	8
4971	#FFFFFF	5
4972	#FFFFFF	5
4973	#FFFFFF	5
4974	#FFFFFF	5
4975	#FFFFFF	5
4976	#FFFFFF	5
4977	#FFFFFF	6
4978	#FFFFFF	5
4979	#FFFFFF	5
4980	#FFFFFF	5
4981	#FFFFFF	5
4982	#FFFFFF	5
4983	#FFFFFF	5
4984	#FFFFFF	5
4985	#FFFFFF	5
4986	#FFFFFF	5
4987	#FFFFFF	6
4988	#FFFFFF	6
4989	#FFFFFF	6
4990	#FFFFFF	6
4992	#FFFFFF	6
4993	#FFFFFF	6
4995	#FFFFFF	8
4996	#FFFFFF	8
4997	#FFFFFF	8
4998	#FFFFFF	8
4999	#FFFFFF	8
5000	#FFFFFF	8
5001	#FFFFFF	8
5002	#FFFFFF	8
5003	#FFFFFF	8
5004	#FFFFFF	6
5005	#FFFFFF	8
5006	#FFFFFF	8
5007	#FFFFFF	8
5008	#FFFFFF	8
5009	#FFFFFF	8
5010	#FFFFFF	8
5011	#FFFFFF	8
5012	#FFFFFF	8
5013	#FFFFFF	8
5014	#FFFFFF	8
5015	#FFFFFF	6
5016	#FFFFFF	8
5017	#FFFFFF	8
5018	#FFFFFF	5
5019	#FFFFFF	5
5020	#FFFFFF	5
5021	#FFFFFF	5
5022	#FFFFFF	5
5023	#FFFFFF	5
5024	#FFFFFF	5
5025	#FFFFFF	5
5026	#FFFFFF	6
5027	#FFFFFF	5
5028	#FFFFFF	5
5029	#FFFFFF	5
5030	#FFFFFF	5
5031	#FFFFFF	5
5032	#FFFFFF	5
5033	#FFFFFF	5
5034	#FFFFFF	5
5035	#FFFFFF	5
5036	#FFFFFF	5
5037	#FFFFFF	6
5038	#FFFFFF	6
5039	#FFFFFF	6
5040	#FFFFFF	6
5041	#FFFFFF	6
