x	y
1.60646615971292	9.97357896512779
0.524258381940221	0.104743437271074
1.10335886045179	3.69497635717727
1.18004919044686	6.13908339956552
1.10983529047552	3.62571217094004
1.06908838493594	9.18752081348584
0.92273373250865	5.54616226142404
1.25049989306829	6.5465847918963
1.54732355750298	6.64981034185019
1.10139238287532	9.66567463317918
1.38725638514355	6.69514711532923
0.910562797904862	2.55592226831724
1.30679575216707	11.7878577405355
0.898426238804244	3.84806828984766
1.4656118659401	6.24778092382165
1.14576190612569	5.75320719029435
1.53143238051241	6.34009120706287
1.46673037021495	7.50319230117815
0.962924664917127	2.99544996460652
1.26713663827686	10.902327619303
1.28602689577223	7.97300524623376
1.01949921159097	3.99527191025853
1.59118117423478	14.2365957849331
1.17076040050678	6.51584755939593
1.18416118222588	6.21950950210281
1.3061869096162	6.05827666530486
1.87547487787866	12.1570099966344
1.38524556557007	4.79356345831916
1.35567614550523	3.62974128399588
1.72747052310645	3.6501575442993
1.24874105797878	6.42240369390409
1.1929256470779	7.3064400977433
1.70755987036191	9.17435589052266
0.956124541406814	6.43934160972181
1.57640364132039	11.073167234093
0.86678192369732	2.96268276937112
1.51386814985675	5.2066973024384
1.10567799934795	8.764768310354
0.871186957787532	9.6174832347416
0.876851073533435	7.18414412476231
1.30132206894933	8.03098879596942
1.4037445487564	12.3178112461514
0.998689448924999	4.80917151968993
