group	x	y	clickSelects	showSelected1
74	-14.25	-0.25	6	1250,0
74	-14.25	0.25	6	1250,0
74	4.25	18.75	6	1250,0
74	4.75	18.75	6	1250,0
74	4.75	0.25	6	1250,0
74	4.25	-0.25	6	1250,0
74	-14.25	-0.25	6	1250,0
74	-45.25	18.75	6	1300,0
74	-45.25	19.25	6	1300,0
74	-35.25	29.25	6	1300,0
74	-34.75	29.25	6	1300,0
74	-34.25	28.75	6	1300,0
74	-34.25	27.75	6	1300,0
74	-32.75	26.25	6	1300,0
74	-31.75	26.25	6	1300,0
74	-19.25	13.75	6	1300,0
74	-19.25	13.25	6	1300,0
74	-32.75	-0.25	6	1300,0
74	-45.25	-0.25	6	1300,0
74	-45.25	18.75	6	1300,0
74	-44.75	9.25	6	1350,0
74	-44.75	9.75	6	1350,0
74	-42.75	11.75	6	1350,0
74	-42.25	11.75	6	1350,0
74	-42.25	11.25	6	1350,0
74	-42.75	10.75	6	1350,0
74	-42.75	10.25	6	1350,0
74	-41.25	10.25	6	1350,0
74	-40.75	10.75	6	1350,0
74	-40.25	10.75	6	1350,0
74	-40.25	8.75	6	1350,0
74	-39.75	8.75	6	1350,0
74	-39.25	9.25	6	1350,0
74	-39.25	10.25	6	1350,0
74	-38.25	10.25	6	1350,0
74	-37.75	10.75	6	1350,0
74	-36.75	10.75	6	1350,0
74	-36.75	11.75	6	1350,0
74	-35.25	13.25	6	1350,0
74	-35.25	14.25	6	1350,0
74	-34.75	14.75	6	1350,0
74	-33.25	14.75	6	1350,0
74	-32.75	14.25	6	1350,0
74	-29.75	14.25	6	1350,0
74	-29.75	13.25	6	1350,0
74	-29.25	13.25	6	1350,0
74	-28.75	13.75	6	1350,0
74	-28.25	13.75	6	1350,0
74	-27.75	13.25	6	1350,0
74	-27.25	13.25	6	1350,0
74	-27.25	13.75	6	1350,0
74	-28.25	14.75	6	1350,0
74	-28.25	15.25	6	1350,0
74	-27.75	15.75	6	1350,0
74	-27.75	16.25	6	1350,0
74	-28.75	16.25	6	1350,0
74	-28.75	17.25	6	1350,0
74	-29.75	17.25	6	1350,0
74	-29.75	18.25	6	1350,0
74	-30.75	18.25	6	1350,0
74	-30.75	18.75	6	1350,0
74	-29.75	19.75	6	1350,0
74	-28.75	19.75	6	1350,0
74	-28.25	20.25	6	1350,0
74	-27.75	20.25	6	1350,0
74	-27.75	18.25	6	1350,0
74	-26.25	18.25	6	1350,0
74	-24.75	19.75	6	1350,0
74	-24.25	19.75	6	1350,0
74	-22.75	18.25	6	1350,0
74	-21.75	18.25	6	1350,0
74	-21.75	17.75	6	1350,0
74	-22.25	17.25	6	1350,0
74	-22.75	17.25	6	1350,0
74	-24.25	18.75	6	1350,0
74	-24.75	18.75	6	1350,0
74	-25.75	17.75	6	1350,0
74	-25.75	16.25	6	1350,0
74	-24.75	15.25	6	1350,0
74	-24.25	15.25	6	1350,0
74	-23.75	15.75	6	1350,0
74	-22.75	15.75	6	1350,0
74	-22.25	16.25	6	1350,0
74	-20.75	16.25	6	1350,0
74	-20.25	15.75	6	1350,0
74	-20.25	15.25	6	1350,0
74	-22.75	12.75	6	1350,0
74	-22.75	12.25	6	1350,0
74	-22.25	12.25	6	1350,0
74	-21.75	12.75	6	1350,0
74	-20.75	12.75	6	1350,0
74	-20.75	13.75	6	1350,0
74	-20.25	13.75	6	1350,0
74	-19.75	13.25	6	1350,0
74	-19.75	11.75	6	1350,0
74	-20.75	11.75	6	1350,0
74	-20.75	10.25	6	1350,0
74	-20.25	9.75	6	1350,0
74	-20.25	8.75	6	1350,0
74	-18.25	8.75	6	1350,0
74	-17.75	8.25	6	1350,0
74	-17.25	8.25	6	1350,0
74	-17.25	8.75	6	1350,0
74	-17.75	9.25	6	1350,0
74	-17.75	9.75	6	1350,0
74	-16.25	9.75	6	1350,0
74	-15.25	8.75	6	1350,0
74	-15.25	8.25	6	1350,0
74	-15.75	7.75	6	1350,0
74	-15.75	6.75	6	1350,0
74	-16.25	6.25	6	1350,0
74	-16.25	4.75	6	1350,0
74	-15.25	4.75	6	1350,0
74	-15.25	4.25	6	1350,0
74	-19.75	-0.25	6	1350,0
74	-44.25	-0.25	6	1350,0
74	-44.75	0.25	6	1350,0
74	-44.75	9.25	6	1350,0
75	-34.25	29.75	6	1300,0
75	-34.25	30.25	6	1300,0
75	-18.75	45.75	6	1300,0
75	-18.25	45.75	6	1300,0
75	-18.25	43.75	6	1300,0
75	-17.25	43.75	6	1300,0
75	-16.75	43.25	6	1300,0
75	-16.75	42.75	6	1300,0
75	-17.75	42.75	6	1300,0
75	-18.25	42.25	6	1300,0
75	-18.25	41.75	6	1300,0
75	-17.25	41.75	6	1300,0
75	-16.75	41.25	6	1300,0
75	-15.25	41.25	6	1300,0
75	-14.25	42.25	6	1300,0
75	-13.75	42.25	6	1300,0
75	-13.75	40.75	6	1300,0
75	-14.75	40.75	6	1300,0
75	-15.25	40.25	6	1300,0
75	-15.25	39.25	6	1300,0
75	-16.75	39.25	6	1300,0
75	-17.25	39.75	6	1300,0
75	-17.75	39.75	6	1300,0
75	-18.25	39.25	6	1300,0
75	-18.25	38.25	6	1300,0
75	-18.75	37.75	6	1300,0
75	-18.75	37.25	6	1300,0
75	-18.25	36.75	6	1300,0
75	-17.75	36.75	6	1300,0
75	-17.75	37.75	6	1300,0
75	-16.75	37.75	6	1300,0
75	-16.25	38.25	6	1300,0
75	-15.75	38.25	6	1300,0
75	-15.75	37.25	6	1300,0
75	-15.25	36.75	6	1300,0
75	-14.25	36.75	6	1300,0
75	-13.75	36.25	6	1300,0
75	-13.25	36.25	6	1300,0
75	-13.25	37.25	6	1300,0
75	-12.75	37.25	6	1300,0
75	-12.25	36.75	6	1300,0
75	-11.75	36.75	6	1300,0
75	-11.25	37.25	6	1300,0
75	-10.25	37.25	6	1300,0
75	-9.75	37.75	6	1300,0
75	-9.25	37.75	6	1300,0
75	-8.75	37.25	6	1300,0
75	-8.25	37.25	6	1300,0
75	-8.25	38.25	6	1300,0
75	-7.75	38.25	6	1300,0
75	-6.25	36.75	6	1300,0
75	-5.75	36.75	6	1300,0
75	-5.75	37.75	6	1300,0
75	-3.75	39.75	6	1300,0
75	-3.75	40.75	6	1300,0
75	-2.25	40.75	6	1300,0
75	-2.25	39.25	6	1300,0
75	-2.75	38.75	6	1300,0
75	-2.75	38.25	6	1300,0
75	-2.25	37.75	6	1300,0
75	-2.25	37.25	6	1300,0
75	-3.25	36.25	6	1300,0
75	-3.25	35.75	6	1300,0
75	-2.75	35.75	6	1300,0
75	-2.25	36.25	6	1300,0
75	-1.75	36.25	6	1300,0
75	-1.25	35.75	6	1300,0
75	-0.25	35.75	6	1300,0
75	1.75	33.75	6	1300,0
75	1.75	28.25	6	1300,0
75	0.25	28.25	6	1300,0
75	0.25	28.75	6	1300,0
75	0.75	29.25	6	1300,0
75	0.75	29.75	6	1300,0
75	-0.25	29.75	6	1300,0
75	-0.75	30.25	6	1300,0
75	-0.75	30.75	6	1300,0
75	-0.25	31.25	6	1300,0
75	-0.25	31.75	6	1300,0
75	-0.75	31.75	6	1300,0
75	-2.25	30.25	6	1300,0
75	-2.25	29.75	6	1300,0
75	-1.75	29.25	6	1300,0
75	-1.75	28.75	6	1300,0
75	-4.25	28.75	6	1300,0
75	-4.25	29.25	6	1300,0
75	-3.75	29.75	6	1300,0
75	-3.75	30.25	6	1300,0
75	-4.25	30.25	6	1300,0
75	-4.75	29.75	6	1300,0
75	-5.25	29.75	6	1300,0
75	-5.75	30.25	6	1300,0
75	-5.75	31.25	6	1300,0
75	-6.25	31.75	6	1300,0
75	-6.25	33.75	6	1300,0
75	-6.75	34.25	6	1300,0
75	-8.25	34.25	6	1300,0
75	-8.75	33.75	6	1300,0
75	-9.25	33.75	6	1300,0
75	-9.75	34.25	6	1300,0
75	-10.25	34.25	6	1300,0
75	-10.75	33.75	6	1300,0
75	-11.75	33.75	6	1300,0
75	-11.75	32.75	6	1300,0
75	-13.75	30.75	6	1300,0
75	-15.75	30.75	6	1300,0
75	-15.75	29.75	6	1300,0
75	-16.25	29.25	6	1300,0
75	-16.25	28.75	6	1300,0
75	-15.75	28.25	6	1300,0
75	-15.75	27.75	6	1300,0
75	-17.25	27.75	6	1300,0
75	-18.25	28.75	6	1300,0
75	-18.75	28.75	6	1300,0
75	-19.25	28.25	6	1300,0
75	-19.25	27.75	6	1300,0
75	-17.75	26.25	6	1300,0
75	-16.25	26.25	6	1300,0
75	-15.75	26.75	6	1300,0
75	-14.75	26.75	6	1300,0
75	-14.75	27.75	6	1300,0
75	-14.25	28.25	6	1300,0
75	-13.75	28.25	6	1300,0
75	-13.25	27.75	6	1300,0
75	-12.75	27.75	6	1300,0
75	-12.75	28.25	6	1300,0
75	-13.25	28.75	6	1300,0
75	-13.25	29.25	6	1300,0
75	-12.75	29.75	6	1300,0
75	-11.75	29.75	6	1300,0
75	-11.25	30.25	6	1300,0
75	-11.25	30.75	6	1300,0
75	-11.75	31.25	6	1300,0
75	-11.75	31.75	6	1300,0
75	-11.25	31.75	6	1300,0
75	-10.75	31.25	6	1300,0
75	-10.25	31.25	6	1300,0
75	-9.75	31.75	6	1300,0
75	-9.25	31.75	6	1300,0
75	-8.75	31.25	6	1300,0
75	-8.75	30.25	6	1300,0
75	-7.75	30.25	6	1300,0
75	-6.25	28.75	6	1300,0
75	-5.25	28.75	6	1300,0
75	-4.25	27.75	6	1300,0
75	-3.25	27.75	6	1300,0
75	-2.75	27.25	6	1300,0
75	-2.75	25.25	6	1300,0
75	-2.25	25.25	6	1300,0
75	-1.75	25.75	6	1300,0
75	-1.25	25.75	6	1300,0
75	-1.25	24.75	6	1300,0
75	-0.75	24.75	6	1300,0
75	-0.25	25.25	6	1300,0
75	0.25	25.25	6	1300,0
75	0.25	24.25	6	1300,0
75	1.25	24.25	6	1300,0
75	1.75	23.75	6	1300,0
75	1.75	23.25	6	1300,0
75	0.75	23.25	6	1300,0
75	0.75	22.25	6	1300,0
75	0.25	22.25	6	1300,0
75	-0.25	22.75	6	1300,0
75	-1.75	22.75	6	1300,0
75	-1.75	22.25	6	1300,0
75	-1.25	21.75	6	1300,0
75	-1.25	20.75	6	1300,0
75	-0.75	20.75	6	1300,0
75	-0.25	21.25	6	1300,0
75	0.25	21.25	6	1300,0
75	0.25	19.75	6	1300,0
75	-0.25	19.25	6	1300,0
75	-1.25	19.25	6	1300,0
75	-2.25	18.25	6	1300,0
75	-3.25	18.25	6	1300,0
75	-3.75	17.75	6	1300,0
75	-5.25	17.75	6	1300,0
75	-5.75	18.25	6	1300,0
75	-5.75	18.75	6	1300,0
75	-4.75	18.75	6	1300,0
75	-4.75	19.25	6	1300,0
75	-5.25	19.75	6	1300,0
75	-6.75	19.75	6	1300,0
75	-6.75	18.75	6	1300,0
75	-7.75	17.75	6	1300,0
75	-7.75	17.25	6	1300,0
75	-6.75	16.25	6	1300,0
75	-6.75	14.75	6	1300,0
75	-7.25	14.25	6	1300,0
75	-8.25	14.25	6	1300,0
75	-9.25	13.25	6	1300,0
75	-10.25	13.25	6	1300,0
75	-10.75	12.75	6	1300,0
75	-10.75	12.25	6	1300,0
75	-9.75	12.25	6	1300,0
75	-9.25	11.75	6	1300,0
75	-7.75	11.75	6	1300,0
75	-7.75	12.75	6	1300,0
75	-6.25	14.25	6	1300,0
75	-5.75	14.25	6	1300,0
75	-5.25	13.75	6	1300,0
75	-4.25	13.75	6	1300,0
75	-4.25	12.75	6	1300,0
75	-3.75	12.75	6	1300,0
75	-3.25	13.25	6	1300,0
75	-3.25	14.25	6	1300,0
75	-1.75	15.75	6	1300,0
75	-0.75	15.75	6	1300,0
75	-0.25	16.25	6	1300,0
75	-0.25	16.75	6	1300,0
75	-1.25	17.75	6	1300,0
75	-1.25	18.25	6	1300,0
75	-0.75	18.25	6	1300,0
75	0.75	16.75	6	1300,0
75	0.75	15.25	6	1300,0
75	-0.25	15.25	6	1300,0
75	-0.75	14.75	6	1300,0
75	-0.75	13.75	6	1300,0
75	-1.25	13.75	6	1300,0
75	-1.75	14.25	6	1300,0
75	-2.25	14.25	6	1300,0
75	-2.25	13.75	6	1300,0
75	-1.75	13.25	6	1300,0
75	-1.75	12.75	6	1300,0
75	-2.25	12.25	6	1300,0
75	-2.25	10.75	6	1300,0
75	-1.75	10.25	6	1300,0
75	-1.25	10.25	6	1300,0
75	-1.25	11.25	6	1300,0
75	-0.75	11.75	6	1300,0
75	-0.25	11.75	6	1300,0
75	1.75	9.75	6	1300,0
75	1.75	6.75	6	1300,0
75	2.25	6.75	6	1300,0
75	2.75	7.25	6	1300,0
75	3.75	7.25	6	1300,0
75	3.75	8.25	6	1300,0
75	4.75	9.25	6	1300,0
75	5.25	9.25	6	1300,0
75	5.25	-0.25	6	1300,0
75	0.75	-0.25	6	1300,0
75	-1.75	2.25	6	1300,0
75	-1.75	2.75	6	1300,0
75	-1.25	3.25	6	1300,0
75	-1.25	3.75	6	1300,0
75	-1.75	3.75	6	1300,0
75	-2.25	3.25	6	1300,0
75	-2.75	3.25	6	1300,0
75	-15.75	16.25	6	1300,0
75	-16.25	16.25	6	1300,0
75	-17.75	14.75	6	1300,0
75	-18.25	14.75	6	1300,0
75	-19.75	16.25	6	1300,0
75	-20.75	16.25	6	1300,0
75	-31.25	26.75	6	1300,0
75	-31.25	27.75	6	1300,0
75	-32.25	27.75	6	1300,0
75	-32.25	28.25	6	1300,0
75	-31.25	29.25	6	1300,0
75	-30.25	29.25	6	1300,0
75	-29.75	29.75	6	1300,0
75	-29.75	30.25	6	1300,0
75	-30.75	30.25	6	1300,0
75	-30.75	31.25	6	1300,0
75	-31.25	31.25	6	1300,0
75	-32.25	30.25	6	1300,0
75	-32.25	29.25	6	1300,0
75	-32.75	29.25	6	1300,0
75	-33.25	29.75	6	1300,0
75	-34.25	29.75	6	1300,0
76	-0.25	4.75	6	1300,0
76	-0.25	5.25	6	1300,0
76	0.75	6.25	6	1300,0
76	1.25	6.25	6	1300,0
76	1.25	5.75	6	1300,0
76	0.25	4.75	6	1300,0
76	-0.25	4.75	6	1300,0
102	-18.25	45.75	8	1300,0
102	-18.25	46.25	8	1300,0
102	-15.25	49.25	8	1300,0
102	-11.75	49.25	8	1300,0
102	-11.25	48.75	8	1300,0
102	-11.25	46.75	8	1300,0
102	-10.75	46.25	8	1300,0
102	-9.25	46.25	8	1300,0
102	-8.75	46.75	8	1300,0
102	-8.25	46.75	8	1300,0
102	-8.25	46.25	8	1300,0
102	-8.75	45.75	8	1300,0
102	-8.75	45.25	8	1300,0
102	-8.25	45.25	8	1300,0
102	-7.75	45.75	8	1300,0
102	-7.25	45.75	8	1300,0
102	-7.25	44.75	8	1300,0
102	-5.75	44.75	8	1300,0
102	-5.25	45.25	8	1300,0
102	-4.75	45.25	8	1300,0
102	-3.75	44.25	8	1300,0
102	-3.75	42.75	8	1300,0
102	-4.75	42.75	8	1300,0
102	-4.75	42.25	8	1300,0
102	-4.25	41.75	8	1300,0
102	-3.75	41.75	8	1300,0
102	-3.25	42.25	8	1300,0
102	-2.25	42.25	8	1300,0
102	-1.75	42.75	8	1300,0
102	-1.25	42.75	8	1300,0
102	-1.25	40.75	8	1300,0
102	-0.75	40.75	8	1300,0
102	0.25	41.75	8	1300,0
102	0.75	41.75	8	1300,0
102	0.75	41.25	8	1300,0
102	-0.25	40.25	8	1300,0
102	-0.25	39.75	8	1300,0
102	0.25	39.75	8	1300,0
102	0.75	40.25	8	1300,0
102	1.25	40.25	8	1300,0
102	2.75	38.75	8	1300,0
102	3.75	38.75	8	1300,0
102	4.25	38.25	8	1300,0
102	4.25	37.75	8	1300,0
102	3.75	37.25	8	1300,0
102	3.75	36.25	8	1300,0
102	3.25	35.75	8	1300,0
102	2.75	35.75	8	1300,0
102	1.75	36.75	8	1300,0
102	1.25	36.75	8	1300,0
102	1.25	36.25	8	1300,0
102	1.75	35.75	8	1300,0
102	1.75	34.75	8	1300,0
102	2.75	34.75	8	1300,0
102	3.25	34.25	8	1300,0
102	4.25	34.25	8	1300,0
102	4.75	33.75	8	1300,0
102	4.75	33.25	8	1300,0
102	3.75	33.25	8	1300,0
102	2.75	32.25	8	1300,0
102	2.75	31.75	8	1300,0
102	3.75	31.75	8	1300,0
102	4.25	31.25	8	1300,0
102	5.25	31.25	8	1300,0
102	5.25	10.75	8	1300,0
102	2.75	8.25	8	1300,0
102	2.25	8.25	8	1300,0
102	1.75	8.75	8	1300,0
102	1.75	9.75	8	1300,0
102	-0.25	11.75	8	1300,0
102	-0.75	11.75	8	1300,0
102	-1.25	11.25	8	1300,0
102	-1.25	10.25	8	1300,0
102	-1.75	10.25	8	1300,0
102	-2.25	10.75	8	1300,0
102	-2.25	12.25	8	1300,0
102	-1.75	12.75	8	1300,0
102	-1.75	13.25	8	1300,0
102	-2.25	13.75	8	1300,0
102	-2.25	14.25	8	1300,0
102	-1.75	14.25	8	1300,0
102	-1.25	13.75	8	1300,0
102	-0.75	13.75	8	1300,0
102	-0.75	14.75	8	1300,0
102	-0.25	15.25	8	1300,0
102	0.75	15.25	8	1300,0
102	0.75	16.75	8	1300,0
102	-0.75	18.25	8	1300,0
102	-1.25	18.25	8	1300,0
102	-1.25	17.75	8	1300,0
102	-0.25	16.75	8	1300,0
102	-0.25	16.25	8	1300,0
102	-0.75	15.75	8	1300,0
102	-1.75	15.75	8	1300,0
102	-3.25	14.25	8	1300,0
102	-3.25	13.25	8	1300,0
102	-3.75	12.75	8	1300,0
102	-4.25	12.75	8	1300,0
102	-4.25	13.75	8	1300,0
102	-5.25	13.75	8	1300,0
102	-5.75	14.25	8	1300,0
102	-6.25	14.25	8	1300,0
102	-7.75	12.75	8	1300,0
102	-7.75	11.75	8	1300,0
102	-9.25	11.75	8	1300,0
102	-9.75	12.25	8	1300,0
102	-10.75	12.25	8	1300,0
102	-10.75	12.75	8	1300,0
102	-10.25	13.25	8	1300,0
102	-9.25	13.25	8	1300,0
102	-8.25	14.25	8	1300,0
102	-7.25	14.25	8	1300,0
102	-6.75	14.75	8	1300,0
102	-6.75	16.25	8	1300,0
102	-7.75	17.25	8	1300,0
102	-7.75	17.75	8	1300,0
102	-6.75	18.75	8	1300,0
102	-6.75	19.75	8	1300,0
102	-5.25	19.75	8	1300,0
102	-4.75	19.25	8	1300,0
102	-4.75	18.75	8	1300,0
102	-5.75	18.75	8	1300,0
102	-5.75	18.25	8	1300,0
102	-5.25	17.75	8	1300,0
102	-3.75	17.75	8	1300,0
102	-3.25	18.25	8	1300,0
102	-2.25	18.25	8	1300,0
102	-1.25	19.25	8	1300,0
102	-0.25	19.25	8	1300,0
102	0.25	19.75	8	1300,0
102	0.25	21.25	8	1300,0
102	-0.25	21.25	8	1300,0
102	-0.75	20.75	8	1300,0
102	-1.25	20.75	8	1300,0
102	-1.25	21.75	8	1300,0
102	-1.75	22.25	8	1300,0
102	-1.75	22.75	8	1300,0
102	-0.25	22.75	8	1300,0
102	0.25	22.25	8	1300,0
102	0.75	22.25	8	1300,0
102	0.75	23.25	8	1300,0
102	1.75	23.25	8	1300,0
102	1.75	23.75	8	1300,0
102	1.25	24.25	8	1300,0
102	0.25	24.25	8	1300,0
102	0.25	25.25	8	1300,0
102	-0.25	25.25	8	1300,0
102	-0.75	24.75	8	1300,0
102	-1.25	24.75	8	1300,0
102	-1.25	25.75	8	1300,0
102	-1.75	25.75	8	1300,0
102	-2.25	25.25	8	1300,0
102	-2.75	25.25	8	1300,0
102	-2.75	27.25	8	1300,0
102	-3.25	27.75	8	1300,0
102	-4.25	27.75	8	1300,0
102	-5.25	28.75	8	1300,0
102	-6.25	28.75	8	1300,0
102	-7.75	30.25	8	1300,0
102	-8.75	30.25	8	1300,0
102	-8.75	31.25	8	1300,0
102	-9.25	31.75	8	1300,0
102	-9.75	31.75	8	1300,0
102	-10.25	31.25	8	1300,0
102	-10.75	31.25	8	1300,0
102	-11.25	31.75	8	1300,0
102	-11.75	31.75	8	1300,0
102	-11.75	31.25	8	1300,0
102	-11.25	30.75	8	1300,0
102	-11.25	30.25	8	1300,0
102	-11.75	29.75	8	1300,0
102	-12.75	29.75	8	1300,0
102	-13.25	29.25	8	1300,0
102	-13.25	28.75	8	1300,0
102	-12.75	28.25	8	1300,0
102	-12.75	27.75	8	1300,0
102	-13.25	27.75	8	1300,0
102	-13.75	28.25	8	1300,0
102	-14.25	28.25	8	1300,0
102	-14.75	27.75	8	1300,0
102	-14.75	26.75	8	1300,0
102	-15.75	26.75	8	1300,0
102	-16.25	26.25	8	1300,0
102	-17.75	26.25	8	1300,0
102	-19.25	27.75	8	1300,0
102	-19.25	28.25	8	1300,0
102	-18.75	28.75	8	1300,0
102	-18.25	28.75	8	1300,0
102	-17.25	27.75	8	1300,0
102	-15.75	27.75	8	1300,0
102	-15.75	28.25	8	1300,0
102	-16.25	28.75	8	1300,0
102	-16.25	29.25	8	1300,0
102	-15.75	29.75	8	1300,0
102	-15.75	30.75	8	1300,0
102	-13.75	30.75	8	1300,0
102	-11.75	32.75	8	1300,0
102	-11.75	33.75	8	1300,0
102	-10.75	33.75	8	1300,0
102	-10.25	34.25	8	1300,0
102	-9.75	34.25	8	1300,0
102	-9.25	33.75	8	1300,0
102	-8.75	33.75	8	1300,0
102	-8.25	34.25	8	1300,0
102	-6.75	34.25	8	1300,0
102	-6.25	33.75	8	1300,0
102	-6.25	31.75	8	1300,0
102	-5.75	31.25	8	1300,0
102	-5.75	30.25	8	1300,0
102	-5.25	29.75	8	1300,0
102	-4.75	29.75	8	1300,0
102	-4.25	30.25	8	1300,0
102	-3.75	30.25	8	1300,0
102	-3.75	29.75	8	1300,0
102	-4.25	29.25	8	1300,0
102	-4.25	28.75	8	1300,0
102	-1.75	28.75	8	1300,0
102	-1.75	29.25	8	1300,0
102	-2.25	29.75	8	1300,0
102	-2.25	30.25	8	1300,0
102	-0.75	31.75	8	1300,0
102	-0.25	31.75	8	1300,0
102	-0.25	31.25	8	1300,0
102	-0.75	30.75	8	1300,0
102	-0.75	30.25	8	1300,0
102	-0.25	29.75	8	1300,0
102	0.75	29.75	8	1300,0
102	0.75	29.25	8	1300,0
102	0.25	28.75	8	1300,0
102	0.25	28.25	8	1300,0
102	1.75	28.25	8	1300,0
102	1.75	33.75	8	1300,0
102	-0.25	35.75	8	1300,0
102	-1.25	35.75	8	1300,0
102	-1.75	36.25	8	1300,0
102	-2.25	36.25	8	1300,0
102	-2.75	35.75	8	1300,0
102	-3.25	35.75	8	1300,0
102	-3.25	36.25	8	1300,0
102	-2.25	37.25	8	1300,0
102	-2.25	37.75	8	1300,0
102	-2.75	38.25	8	1300,0
102	-2.75	38.75	8	1300,0
102	-2.25	39.25	8	1300,0
102	-2.25	40.75	8	1300,0
102	-3.75	40.75	8	1300,0
102	-3.75	39.75	8	1300,0
102	-5.75	37.75	8	1300,0
102	-5.75	36.75	8	1300,0
102	-6.25	36.75	8	1300,0
102	-7.75	38.25	8	1300,0
102	-8.25	38.25	8	1300,0
102	-8.25	37.25	8	1300,0
102	-8.75	37.25	8	1300,0
102	-9.25	37.75	8	1300,0
102	-9.75	37.75	8	1300,0
102	-10.25	37.25	8	1300,0
102	-11.25	37.25	8	1300,0
102	-11.75	36.75	8	1300,0
102	-12.25	36.75	8	1300,0
102	-12.75	37.25	8	1300,0
102	-13.25	37.25	8	1300,0
102	-13.25	36.25	8	1300,0
102	-13.75	36.25	8	1300,0
102	-14.25	36.75	8	1300,0
102	-15.25	36.75	8	1300,0
102	-15.75	37.25	8	1300,0
102	-15.75	38.25	8	1300,0
102	-16.25	38.25	8	1300,0
102	-16.75	37.75	8	1300,0
102	-17.75	37.75	8	1300,0
102	-17.75	36.75	8	1300,0
102	-18.25	36.75	8	1300,0
102	-18.75	37.25	8	1300,0
102	-18.75	37.75	8	1300,0
102	-18.25	38.25	8	1300,0
102	-18.25	39.25	8	1300,0
102	-17.75	39.75	8	1300,0
102	-17.25	39.75	8	1300,0
102	-16.75	39.25	8	1300,0
102	-15.25	39.25	8	1300,0
102	-15.25	40.25	8	1300,0
102	-14.75	40.75	8	1300,0
102	-13.75	40.75	8	1300,0
102	-13.75	42.25	8	1300,0
102	-14.25	42.25	8	1300,0
102	-15.25	41.25	8	1300,0
102	-16.75	41.25	8	1300,0
102	-17.25	41.75	8	1300,0
102	-18.25	41.75	8	1300,0
102	-18.25	42.25	8	1300,0
102	-17.75	42.75	8	1300,0
102	-16.75	42.75	8	1300,0
102	-16.75	43.25	8	1300,0
102	-17.25	43.75	8	1300,0
102	-18.25	43.75	8	1300,0
102	-18.25	45.75	8	1300,0
102	-14.75	-0.75	8	1300,50
102	-14.75	-0.25	8	1300,50
102	-12.25	2.25	8	1300,50
102	-11.25	2.25	8	1300,50
102	-10.75	2.75	8	1300,50
102	-10.25	2.75	8	1300,50
102	-10.25	0.75	8	1300,50
102	-9.75	0.25	8	1300,50
102	-9.75	-0.25	8	1300,50
102	-10.25	-0.75	8	1300,50
102	-10.75	-0.75	8	1300,50
102	-11.25	-0.25	8	1300,50
102	-11.75	-0.25	8	1300,50
102	-12.25	-0.75	8	1300,50
102	-14.75	-0.75	8	1300,50
102	-44.75	19.25	8	1350,50
102	-44.75	19.75	8	1350,50
102	-34.75	29.75	8	1350,50
102	-34.25	29.75	8	1350,50
102	-21.75	17.25	8	1350,50
102	-21.75	15.75	8	1350,50
102	-23.25	15.75	8	1350,50
102	-23.25	16.75	8	1350,50
102	-23.75	16.75	8	1350,50
102	-24.25	16.25	8	1350,50
102	-24.75	16.25	8	1350,50
102	-25.25	16.75	8	1350,50
102	-25.75	16.75	8	1350,50
102	-25.75	15.75	8	1350,50
102	-27.25	15.75	8	1350,50
102	-28.25	16.75	8	1350,50
102	-29.25	16.75	8	1350,50
102	-30.25	17.75	8	1350,50
102	-30.25	19.25	8	1350,50
102	-29.75	19.75	8	1350,50
102	-29.25	19.75	8	1350,50
102	-29.25	18.75	8	1350,50
102	-28.75	18.25	8	1350,50
102	-28.25	18.25	8	1350,50
102	-28.25	19.25	8	1350,50
102	-27.75	19.75	8	1350,50
102	-27.75	20.25	8	1350,50
102	-28.75	21.25	8	1350,50
102	-29.25	21.25	8	1350,50
102	-30.75	19.75	8	1350,50
102	-31.75	19.75	8	1350,50
102	-31.75	18.75	8	1350,50
102	-32.25	18.75	8	1350,50
102	-33.75	20.25	8	1350,50
102	-34.25	20.25	8	1350,50
102	-34.25	19.75	8	1350,50
102	-32.75	18.25	8	1350,50
102	-32.75	17.75	8	1350,50
102	-33.25	17.25	8	1350,50
102	-33.75	17.25	8	1350,50
102	-34.25	17.75	8	1350,50
102	-36.75	17.75	8	1350,50
102	-36.75	17.25	8	1350,50
102	-35.75	16.25	8	1350,50
102	-33.75	16.25	8	1350,50
102	-33.25	15.75	8	1350,50
102	-33.25	14.75	8	1350,50
102	-32.75	14.25	8	1350,50
102	-30.75	14.25	8	1350,50
102	-29.75	13.25	8	1350,50
102	-29.25	13.25	8	1350,50
102	-29.25	13.75	8	1350,50
102	-29.75	14.25	8	1350,50
102	-29.75	14.75	8	1350,50
102	-28.75	15.75	8	1350,50
102	-28.25	15.75	8	1350,50
102	-25.25	12.75	8	1350,50
102	-24.75	12.75	8	1350,50
102	-24.25	13.25	8	1350,50
102	-24.25	13.75	8	1350,50
102	-25.25	13.75	8	1350,50
102	-25.25	15.25	8	1350,50
102	-23.75	15.25	8	1350,50
102	-23.75	14.25	8	1350,50
102	-22.75	14.25	8	1350,50
102	-22.25	13.75	8	1350,50
102	-21.25	13.75	8	1350,50
102	-20.75	13.25	8	1350,50
102	-20.75	12.75	8	1350,50
102	-23.75	12.75	8	1350,50
102	-23.75	12.25	8	1350,50
102	-23.25	11.75	8	1350,50
102	-22.25	11.75	8	1350,50
102	-22.25	11.25	8	1350,50
102	-22.75	10.75	8	1350,50
102	-22.75	9.25	8	1350,50
102	-21.75	8.25	8	1350,50
102	-21.25	8.25	8	1350,50
102	-21.25	10.25	8	1350,50
102	-20.75	10.25	8	1350,50
102	-20.25	9.75	8	1350,50
102	-19.75	9.75	8	1350,50
102	-19.75	10.75	8	1350,50
102	-19.25	11.25	8	1350,50
102	-18.25	11.25	8	1350,50
102	-17.25	12.25	8	1350,50
102	-16.75	12.25	8	1350,50
102	-10.25	5.75	8	1350,50
102	-10.25	5.25	8	1350,50
102	-10.75	4.75	8	1350,50
102	-11.75	4.75	8	1350,50
102	-11.75	2.75	8	1350,50
102	-12.75	2.75	8	1350,50
102	-13.25	2.25	8	1350,50
102	-13.25	1.75	8	1350,50
102	-12.25	1.75	8	1350,50
102	-12.25	1.25	8	1350,50
102	-12.75	0.75	8	1350,50
102	-12.75	0.25	8	1350,50
102	-10.75	0.25	8	1350,50
102	-10.75	-0.25	8	1350,50
102	-11.25	-0.75	8	1350,50
102	-37.75	-0.75	8	1350,50
102	-38.25	-0.25	8	1350,50
102	-38.75	-0.25	8	1350,50
102	-39.25	-0.75	8	1350,50
102	-39.75	-0.75	8	1350,50
102	-40.25	-0.25	8	1350,50
102	-41.75	-0.25	8	1350,50
102	-42.25	-0.75	8	1350,50
102	-42.75	-0.75	8	1350,50
102	-42.75	0.25	8	1350,50
102	-43.75	1.25	8	1350,50
102	-43.75	1.75	8	1350,50
102	-43.25	1.75	8	1350,50
102	-42.75	1.25	8	1350,50
102	-42.25	1.25	8	1350,50
102	-42.25	1.75	8	1350,50
102	-42.75	2.25	8	1350,50
102	-42.75	3.25	8	1350,50
102	-43.75	4.25	8	1350,50
102	-44.75	4.25	8	1350,50
102	-44.75	19.25	8	1350,50
102	-38.75	48.25	8	1350,0
102	-38.75	48.75	8	1350,0
102	-38.25	49.25	8	1350,0
102	-35.75	49.25	8	1350,0
102	-35.75	48.75	8	1350,0
102	-36.25	48.25	8	1350,0
102	-37.25	48.25	8	1350,0
102	-37.75	47.75	8	1350,0
102	-38.25	47.75	8	1350,0
102	-38.75	48.25	8	1350,0
103	-10.25	48.75	8	1300,0
103	-10.25	49.25	8	1300,0
103	-9.75	49.25	8	1300,0
103	-9.75	48.75	8	1300,0
103	-10.25	48.75	8	1300,0
103	-5.75	8.25	8	1300,50
103	-5.75	8.75	8	1300,50
103	4.75	19.25	8	1300,50
103	5.25	19.25	8	1300,50
103	5.25	3.75	8	1300,50
103	4.25	2.75	8	1300,50
103	4.25	2.25	8	1300,50
103	5.25	2.25	8	1300,50
103	5.25	1.75	8	1300,50
103	4.75	1.25	8	1300,50
103	4.75	0.75	8	1300,50
103	5.25	0.25	8	1300,50
103	5.25	-0.25	8	1300,50
103	4.75	-0.75	8	1300,50
103	-2.75	-0.75	8	1300,50
103	-2.75	0.75	8	1300,50
103	-1.75	1.75	8	1300,50
103	-1.75	2.25	8	1300,50
103	-2.25	2.75	8	1300,50
103	-2.75	2.75	8	1300,50
103	-2.75	1.75	8	1300,50
103	-3.25	1.75	8	1300,50
103	-3.75	2.25	8	1300,50
103	-4.75	2.25	8	1300,50
103	-5.75	3.25	8	1300,50
103	-5.75	3.75	8	1300,50
103	-5.25	3.75	8	1300,50
103	-4.75	3.25	8	1300,50
103	-4.25	3.25	8	1300,50
103	-4.25	3.75	8	1300,50
103	-5.25	4.75	8	1300,50
103	-5.75	4.75	8	1300,50
103	-6.75	3.75	8	1300,50
103	-7.75	3.75	8	1300,50
103	-7.75	1.75	8	1300,50
103	-8.25	1.75	8	1300,50
103	-8.75	2.25	8	1300,50
103	-8.75	3.25	8	1300,50
103	-9.25	3.75	8	1300,50
103	-9.25	4.25	8	1300,50
103	-8.25	4.25	8	1300,50
103	-7.75	4.75	8	1300,50
103	-6.75	4.75	8	1300,50
103	-6.75	6.75	8	1300,50
103	-5.75	7.75	8	1300,50
103	-5.75	8.25	8	1300,50
103	-44.25	16.25	8	1350,50
103	-44.25	13.75	8	1350,50
103	-43.25	13.75	8	1350,50
103	-43.25	12.75	8	1350,50
103	-42.25	12.75	8	1350,50
103	-41.75	12.25	8	1350,50
103	-41.25	12.25	8	1350,50
103	-40.75	12.75	8	1350,50
103	-40.75	13.25	8	1350,50
103	-41.25	13.75	8	1350,50
103	-41.25	14.25	8	1350,50
103	-40.75	14.25	8	1350,50
103	-39.75	13.25	8	1350,50
103	-39.25	13.25	8	1350,50
103	-39.25	13.75	8	1350,50
103	-39.75	14.25	8	1350,50
103	-39.75	14.75	8	1350,50
103	-39.25	14.75	8	1350,50
103	-38.75	14.25	8	1350,50
103	-36.75	14.25	8	1350,50
103	-36.75	13.25	8	1350,50
103	-36.25	13.25	8	1350,50
103	-35.75	13.75	8	1350,50
103	-35.75	15.25	8	1350,50
103	-36.25	15.75	8	1350,50
103	-37.25	15.75	8	1350,50
103	-37.25	17.75	8	1350,50
103	-38.25	18.75	8	1350,50
103	-38.75	18.75	8	1350,50
103	-38.75	17.75	8	1350,50
103	-40.25	16.25	8	1350,50
103	-40.75	16.25	8	1350,50
103	-40.75	17.25	8	1350,50
103	-41.75	17.25	8	1350,50
103	-42.25	17.75	8	1350,50
103	-42.75	17.75	8	1350,50
103	-42.75	16.25	8	1350,50
103	-42.25	15.75	8	1350,50
103	-42.25	15.25	8	1350,50
103	-42.75	15.25	8	1350,50
103	-43.75	16.25	8	1350,50
103	-44.25	16.25	8	1350,50
103	-39.25	45.75	8	1350,0
103	-39.25	46.25	8	1350,0
103	-38.75	46.25	8	1350,0
103	-38.25	45.75	8	1350,0
103	-37.75	45.75	8	1350,0
103	-37.75	46.75	8	1350,0
103	-37.25	47.25	8	1350,0
103	-36.75	47.25	8	1350,0
103	-36.25	46.75	8	1350,0
103	-35.75	46.75	8	1350,0
103	-35.75	47.75	8	1350,0
103	-35.25	48.25	8	1350,0
103	-35.25	49.25	8	1350,0
103	-12.75	49.25	8	1350,0
103	-12.75	47.75	8	1350,0
103	-13.75	47.75	8	1350,0
103	-13.75	47.25	8	1350,0
103	-13.25	46.75	8	1350,0
103	-10.25	46.75	8	1350,0
103	-9.75	46.25	8	1350,0
103	-9.75	45.75	8	1350,0
103	-14.25	41.25	8	1350,0
103	-15.25	41.25	8	1350,0
103	-15.75	40.75	8	1350,0
103	-15.75	39.75	8	1350,0
103	-17.25	38.25	8	1350,0
103	-18.25	38.25	8	1350,0
103	-18.75	37.75	8	1350,0
103	-18.75	36.75	8	1350,0
103	-19.25	36.25	8	1350,0
103	-20.25	36.25	8	1350,0
103	-21.25	35.25	8	1350,0
103	-21.25	34.25	8	1350,0
103	-21.75	33.75	8	1350,0
103	-21.75	33.25	8	1350,0
103	-20.25	33.25	8	1350,0
103	-19.75	33.75	8	1350,0
103	-19.75	34.75	8	1350,0
103	-19.25	35.25	8	1350,0
103	-18.25	35.25	8	1350,0
103	-18.25	36.25	8	1350,0
103	-17.25	36.25	8	1350,0
103	-17.25	37.25	8	1350,0
103	-15.75	38.75	8	1350,0
103	-15.25	38.75	8	1350,0
103	-15.25	38.25	8	1350,0
103	-15.75	37.75	8	1350,0
103	-15.75	37.25	8	1350,0
103	-13.25	37.25	8	1350,0
103	-13.25	37.75	8	1350,0
103	-13.75	38.25	8	1350,0
103	-13.75	38.75	8	1350,0
103	-13.25	39.25	8	1350,0
103	-12.75	39.25	8	1350,0
103	-12.75	38.25	8	1350,0
103	-12.25	37.75	8	1350,0
103	-12.25	37.25	8	1350,0
103	-12.75	36.75	8	1350,0
103	-12.75	35.25	8	1350,0
103	-11.75	34.25	8	1350,0
103	-11.75	33.75	8	1350,0
103	-12.25	33.75	8	1350,0
103	-12.75	34.25	8	1350,0
103	-13.25	34.25	8	1350,0
103	-13.25	33.25	8	1350,0
103	-13.75	33.25	8	1350,0
103	-14.25	33.75	8	1350,0
103	-14.75	33.75	8	1350,0
103	-14.75	33.25	8	1350,0
103	-13.75	32.25	8	1350,0
103	-13.25	32.25	8	1350,0
103	-12.75	32.75	8	1350,0
103	-12.25	32.75	8	1350,0
103	-12.25	31.75	8	1350,0
103	-11.75	31.75	8	1350,0
103	-11.25	32.25	8	1350,0
103	-10.75	32.25	8	1350,0
103	-10.75	29.25	8	1350,0
103	-10.25	29.25	8	1350,0
103	-9.75	29.75	8	1350,0
103	-9.25	29.75	8	1350,0
103	-9.25	29.25	8	1350,0
103	-10.25	28.25	8	1350,0
103	-10.25	26.75	8	1350,0
103	-9.75	26.25	8	1350,0
103	-8.75	26.25	8	1350,0
103	-8.75	25.75	8	1350,0
103	-10.25	24.25	8	1350,0
103	-10.75	24.25	8	1350,0
103	-10.75	25.25	8	1350,0
103	-12.25	26.75	8	1350,0
103	-13.25	26.75	8	1350,0
103	-13.75	27.25	8	1350,0
103	-14.25	27.25	8	1350,0
103	-14.75	26.75	8	1350,0
103	-14.75	26.25	8	1350,0
103	-14.25	25.75	8	1350,0
103	-13.25	25.75	8	1350,0
103	-12.75	25.25	8	1350,0
103	-12.75	23.25	8	1350,0
103	-12.25	23.25	8	1350,0
103	-11.75	23.75	8	1350,0
103	-11.25	23.75	8	1350,0
103	-10.75	23.25	8	1350,0
103	-10.75	22.25	8	1350,0
103	-9.75	22.25	8	1350,0
103	-9.25	21.75	8	1350,0
103	-9.25	18.75	8	1350,0
103	-8.75	18.75	8	1350,0
103	-8.25	19.25	8	1350,0
103	-7.25	19.25	8	1350,0
103	-7.25	20.75	8	1350,0
103	-9.75	23.25	8	1350,0
103	-9.75	23.75	8	1350,0
103	-9.25	24.25	8	1350,0
103	-8.75	24.25	8	1350,0
103	-8.75	23.25	8	1350,0
103	-8.25	22.75	8	1350,0
103	-7.25	22.75	8	1350,0
103	-7.25	21.75	8	1350,0
103	-5.75	20.25	8	1350,0
103	-5.25	20.25	8	1350,0
103	-5.25	22.25	8	1350,0
103	-3.75	22.25	8	1350,0
103	-3.75	21.25	8	1350,0
103	-3.25	20.75	8	1350,0
103	-3.25	20.25	8	1350,0
103	-5.25	18.25	8	1350,0
103	-5.75	18.25	8	1350,0
103	-5.75	19.25	8	1350,0
103	-6.25	19.25	8	1350,0
103	-7.25	18.25	8	1350,0
103	-7.25	17.75	8	1350,0
103	-6.75	17.25	8	1350,0
103	-5.75	17.25	8	1350,0
103	-5.25	16.75	8	1350,0
103	-4.25	16.75	8	1350,0
103	-4.25	15.25	8	1350,0
103	-14.75	4.75	8	1350,0
103	-16.25	4.75	8	1350,0
103	-16.25	6.25	8	1350,0
103	-15.75	6.75	8	1350,0
103	-15.75	7.75	8	1350,0
103	-15.25	8.25	8	1350,0
103	-15.25	8.75	8	1350,0
103	-16.25	9.75	8	1350,0
103	-17.75	9.75	8	1350,0
103	-17.75	9.25	8	1350,0
103	-17.25	8.75	8	1350,0
103	-17.25	8.25	8	1350,0
103	-17.75	8.25	8	1350,0
103	-18.25	8.75	8	1350,0
103	-20.25	8.75	8	1350,0
103	-20.25	9.75	8	1350,0
103	-20.75	10.25	8	1350,0
103	-20.75	11.75	8	1350,0
103	-19.75	11.75	8	1350,0
103	-19.75	13.25	8	1350,0
103	-20.25	13.75	8	1350,0
103	-20.75	13.75	8	1350,0
103	-20.75	12.75	8	1350,0
103	-21.75	12.75	8	1350,0
103	-22.25	12.25	8	1350,0
103	-22.75	12.25	8	1350,0
103	-22.75	12.75	8	1350,0
103	-20.25	15.25	8	1350,0
103	-20.25	15.75	8	1350,0
103	-20.75	16.25	8	1350,0
103	-22.25	16.25	8	1350,0
103	-22.75	15.75	8	1350,0
103	-23.75	15.75	8	1350,0
103	-24.25	15.25	8	1350,0
103	-24.75	15.25	8	1350,0
103	-25.75	16.25	8	1350,0
103	-25.75	17.75	8	1350,0
103	-24.75	18.75	8	1350,0
103	-24.25	18.75	8	1350,0
103	-22.75	17.25	8	1350,0
103	-22.25	17.25	8	1350,0
103	-21.75	17.75	8	1350,0
103	-21.75	18.25	8	1350,0
103	-22.75	18.25	8	1350,0
103	-24.25	19.75	8	1350,0
103	-24.75	19.75	8	1350,0
103	-26.25	18.25	8	1350,0
103	-27.75	18.25	8	1350,0
103	-27.75	20.25	8	1350,0
103	-28.25	20.25	8	1350,0
103	-28.75	19.75	8	1350,0
103	-29.75	19.75	8	1350,0
103	-30.75	18.75	8	1350,0
103	-30.75	18.25	8	1350,0
103	-29.75	18.25	8	1350,0
103	-29.75	17.25	8	1350,0
103	-28.75	17.25	8	1350,0
103	-28.75	16.25	8	1350,0
103	-27.75	16.25	8	1350,0
103	-27.75	15.75	8	1350,0
103	-28.25	15.25	8	1350,0
103	-28.25	14.75	8	1350,0
103	-27.25	13.75	8	1350,0
103	-27.25	13.25	8	1350,0
103	-27.75	13.25	8	1350,0
103	-28.25	13.75	8	1350,0
103	-28.75	13.75	8	1350,0
103	-29.25	13.25	8	1350,0
103	-29.75	13.25	8	1350,0
103	-29.75	14.25	8	1350,0
103	-32.75	14.25	8	1350,0
103	-33.25	14.75	8	1350,0
103	-34.75	14.75	8	1350,0
103	-35.25	14.25	8	1350,0
103	-35.25	13.25	8	1350,0
103	-36.75	11.75	8	1350,0
103	-36.75	10.75	8	1350,0
103	-37.75	10.75	8	1350,0
103	-38.25	10.25	8	1350,0
103	-39.25	10.25	8	1350,0
103	-39.25	9.25	8	1350,0
103	-39.75	8.75	8	1350,0
103	-40.25	8.75	8	1350,0
103	-40.25	10.75	8	1350,0
103	-40.75	10.75	8	1350,0
103	-41.25	10.25	8	1350,0
103	-42.75	10.25	8	1350,0
103	-42.75	10.75	8	1350,0
103	-42.25	11.25	8	1350,0
103	-42.25	12.25	8	1350,0
103	-36.75	17.75	8	1350,0
103	-36.25	17.75	8	1350,0
103	-36.25	16.75	8	1350,0
103	-35.75	16.25	8	1350,0
103	-35.25	16.25	8	1350,0
103	-35.25	17.75	8	1350,0
103	-35.75	18.25	8	1350,0
103	-35.75	18.75	8	1350,0
103	-35.25	19.25	8	1350,0
103	-34.25	19.25	8	1350,0
103	-32.75	20.75	8	1350,0
103	-31.75	20.75	8	1350,0
103	-30.25	22.25	8	1350,0
103	-30.25	23.25	8	1350,0
103	-29.75	23.25	8	1350,0
103	-29.25	22.75	8	1350,0
103	-28.25	22.75	8	1350,0
103	-27.25	21.75	8	1350,0
103	-26.75	21.75	8	1350,0
103	-26.75	22.75	8	1350,0
103	-25.75	22.75	8	1350,0
103	-25.25	23.25	8	1350,0
103	-24.75	23.25	8	1350,0
103	-24.75	22.25	8	1350,0
103	-24.25	21.75	8	1350,0
103	-23.75	21.75	8	1350,0
103	-22.25	23.25	8	1350,0
103	-21.75	23.25	8	1350,0
103	-21.75	21.75	8	1350,0
103	-22.75	21.75	8	1350,0
103	-23.25	21.25	8	1350,0
103	-23.25	20.75	8	1350,0
103	-22.75	20.25	8	1350,0
103	-20.75	20.25	8	1350,0
103	-19.25	18.75	8	1350,0
103	-18.75	18.75	8	1350,0
103	-18.75	19.75	8	1350,0
103	-18.25	19.75	8	1350,0
103	-17.25	18.75	8	1350,0
103	-16.75	18.75	8	1350,0
103	-16.25	19.25	8	1350,0
103	-16.25	19.75	8	1350,0
103	-17.25	19.75	8	1350,0
103	-17.25	20.75	8	1350,0
103	-18.25	21.75	8	1350,0
103	-18.25	22.25	8	1350,0
103	-17.75	22.75	8	1350,0
103	-17.75	23.25	8	1350,0
103	-18.75	23.25	8	1350,0
103	-18.75	23.75	8	1350,0
103	-17.75	24.75	8	1350,0
103	-15.75	24.75	8	1350,0
103	-15.25	25.25	8	1350,0
103	-15.25	25.75	8	1350,0
103	-16.25	25.75	8	1350,0
103	-16.75	26.25	8	1350,0
103	-17.75	26.25	8	1350,0
103	-18.25	26.75	8	1350,0
103	-19.25	26.75	8	1350,0
103	-19.75	27.25	8	1350,0
103	-20.25	27.25	8	1350,0
103	-20.25	26.25	8	1350,0
103	-20.75	25.75	8	1350,0
103	-21.25	25.75	8	1350,0
103	-22.25	26.75	8	1350,0
103	-22.25	27.25	8	1350,0
103	-21.25	27.25	8	1350,0
103	-21.25	27.75	8	1350,0
103	-21.75	28.25	8	1350,0
103	-22.25	28.25	8	1350,0
103	-22.75	27.75	8	1350,0
103	-23.75	27.75	8	1350,0
103	-23.75	25.75	8	1350,0
103	-24.25	25.75	8	1350,0
103	-25.25	26.75	8	1350,0
103	-26.25	26.75	8	1350,0
103	-26.25	28.25	8	1350,0
103	-25.25	28.25	8	1350,0
103	-24.75	28.75	8	1350,0
103	-24.75	29.75	8	1350,0
103	-22.25	32.25	8	1350,0
103	-22.25	32.75	8	1350,0
103	-22.75	32.75	8	1350,0
103	-25.75	29.75	8	1350,0
103	-26.75	29.75	8	1350,0
103	-27.25	29.25	8	1350,0
103	-27.75	29.25	8	1350,0
103	-27.75	31.25	8	1350,0
103	-28.25	31.25	8	1350,0
103	-29.25	30.25	8	1350,0
103	-29.25	29.25	8	1350,0
103	-29.75	29.25	8	1350,0
103	-30.25	29.75	8	1350,0
103	-31.75	29.75	8	1350,0
103	-31.75	29.25	8	1350,0
103	-31.25	28.75	8	1350,0
103	-31.25	28.25	8	1350,0
103	-31.75	28.25	8	1350,0
103	-33.25	29.75	8	1350,0
103	-33.25	32.25	8	1350,0
103	-32.75	32.75	8	1350,0
103	-32.75	33.75	8	1350,0
103	-31.75	33.75	8	1350,0
103	-31.25	34.25	8	1350,0
103	-31.25	35.25	8	1350,0
103	-28.75	35.25	8	1350,0
103	-28.25	34.75	8	1350,0
103	-28.25	33.75	8	1350,0
103	-27.75	33.75	8	1350,0
103	-27.25	34.25	8	1350,0
103	-27.25	34.75	8	1350,0
103	-27.75	35.25	8	1350,0
103	-27.75	36.25	8	1350,0
103	-28.75	36.25	8	1350,0
103	-28.75	37.25	8	1350,0
103	-29.25	37.75	8	1350,0
103	-30.25	37.75	8	1350,0
103	-30.25	38.75	8	1350,0
103	-31.25	38.75	8	1350,0
103	-31.25	39.25	8	1350,0
103	-30.25	40.25	8	1350,0
103	-30.25	42.75	8	1350,0
103	-31.75	44.25	8	1350,0
103	-32.25	44.25	8	1350,0
103	-32.25	43.25	8	1350,0
103	-32.75	42.75	8	1350,0
103	-32.75	41.25	8	1350,0
103	-31.75	41.25	8	1350,0
103	-31.75	39.75	8	1350,0
103	-32.75	39.75	8	1350,0
103	-32.75	37.75	8	1350,0
103	-33.25	37.75	8	1350,0
103	-34.25	38.75	8	1350,0
103	-34.75	38.75	8	1350,0
103	-34.75	38.25	8	1350,0
103	-34.25	37.75	8	1350,0
103	-34.25	37.25	8	1350,0
103	-34.75	36.75	8	1350,0
103	-35.75	36.75	8	1350,0
103	-35.75	35.75	8	1350,0
103	-36.25	35.25	8	1350,0
103	-36.25	34.75	8	1350,0
103	-35.25	33.75	8	1350,0
103	-35.25	33.25	8	1350,0
103	-35.75	33.25	8	1350,0
103	-36.25	33.75	8	1350,0
103	-36.75	33.75	8	1350,0
103	-36.75	33.25	8	1350,0
103	-35.75	32.25	8	1350,0
103	-35.75	31.75	8	1350,0
103	-37.25	31.75	8	1350,0
103	-38.25	32.75	8	1350,0
103	-38.25	33.25	8	1350,0
103	-37.25	34.25	8	1350,0
103	-37.25	35.25	8	1350,0
103	-36.75	35.75	8	1350,0
103	-36.75	36.25	8	1350,0
103	-38.75	36.25	8	1350,0
103	-39.25	36.75	8	1350,0
103	-39.75	36.75	8	1350,0
103	-40.75	35.75	8	1350,0
103	-41.25	35.75	8	1350,0
103	-42.25	36.75	8	1350,0
103	-42.25	38.25	8	1350,0
103	-41.25	38.25	8	1350,0
103	-40.25	39.25	8	1350,0
103	-40.25	40.25	8	1350,0
103	-39.25	41.25	8	1350,0
103	-38.25	41.25	8	1350,0
103	-38.25	41.75	8	1350,0
103	-38.75	42.25	8	1350,0
103	-38.75	43.25	8	1350,0
103	-39.25	43.75	8	1350,0
103	-39.25	45.75	8	1350,0
104	-6.25	48.75	8	1300,0
104	-6.25	49.25	8	1300,0
104	-5.75	49.25	8	1300,0
104	-5.75	48.75	8	1300,0
104	-6.25	48.75	8	1300,0
104	-5.75	-0.75	8	1300,50
104	-5.75	-0.25	8	1300,50
104	-5.25	-0.25	8	1300,50
104	-5.25	-0.75	8	1300,50
104	-5.75	-0.75	8	1300,50
104	-44.75	30.25	8	1350,0
104	-44.75	30.75	8	1350,0
104	-44.25	31.25	8	1350,0
104	-43.75	31.25	8	1350,0
104	-43.75	29.25	8	1350,0
104	-43.25	28.75	8	1350,0
104	-42.75	28.75	8	1350,0
104	-42.25	29.25	8	1350,0
104	-40.25	29.25	8	1350,0
104	-39.75	29.75	8	1350,0
104	-39.75	30.25	8	1350,0
104	-40.75	30.25	8	1350,0
104	-41.25	30.75	8	1350,0
104	-42.25	30.75	8	1350,0
104	-42.75	31.25	8	1350,0
104	-42.75	31.75	8	1350,0
104	-41.75	32.75	8	1350,0
104	-40.75	32.75	8	1350,0
104	-40.75	33.25	8	1350,0
104	-41.25	33.75	8	1350,0
104	-41.25	34.25	8	1350,0
104	-40.75	34.75	8	1350,0
104	-40.25	34.75	8	1350,0
104	-40.25	33.75	8	1350,0
104	-39.75	33.75	8	1350,0
104	-39.25	34.25	8	1350,0
104	-38.75	34.25	8	1350,0
104	-38.75	33.75	8	1350,0
104	-39.75	32.75	8	1350,0
104	-39.75	31.25	8	1350,0
104	-37.75	31.25	8	1350,0
104	-37.25	30.75	8	1350,0
104	-36.25	30.75	8	1350,0
104	-35.25	29.75	8	1350,0
104	-35.25	29.25	8	1350,0
104	-36.25	29.25	8	1350,0
104	-36.25	28.75	8	1350,0
104	-35.25	27.75	8	1350,0
104	-34.25	27.75	8	1350,0
104	-34.25	27.25	8	1350,0
104	-35.75	25.75	8	1350,0
104	-35.75	25.25	8	1350,0
104	-34.75	25.25	8	1350,0
104	-34.75	24.75	8	1350,0
104	-36.25	23.25	8	1350,0
104	-37.25	23.25	8	1350,0
104	-37.75	22.75	8	1350,0
104	-37.75	20.75	8	1350,0
104	-38.25	20.25	8	1350,0
104	-38.25	19.75	8	1350,0
104	-37.75	19.25	8	1350,0
104	-37.75	17.75	8	1350,0
104	-44.25	11.25	8	1350,0
104	-44.75	11.25	8	1350,0
104	-44.75	30.25	8	1350,0
105	-5.25	49.25	8	1300,0
105	-5.25	48.75	8	1300,0
105	-4.25	47.75	8	1300,0
105	-4.25	45.75	8	1300,0
105	-2.75	44.25	8	1300,0
105	-2.25	44.25	8	1300,0
105	-2.25	45.25	8	1300,0
105	-0.25	45.25	8	1300,0
105	0.25	45.75	8	1300,0
105	0.25	46.75	8	1300,0
105	1.75	48.25	8	1300,0
105	2.25	48.25	8	1300,0
105	2.25	47.75	8	1300,0
105	1.75	47.25	8	1300,0
105	1.75	46.75	8	1300,0
105	2.25	46.75	8	1300,0
105	2.75	47.25	8	1300,0
105	3.75	47.25	8	1300,0
105	3.75	48.75	8	1300,0
105	3.25	49.25	8	1300,0
105	-5.25	49.25	8	1300,0
105	-10.25	47.75	8	1350,0
105	-10.25	48.25	8	1350,0
105	-9.75	48.25	8	1350,0
105	-9.25	47.75	8	1350,0
105	-8.25	47.75	8	1350,0
105	-8.25	47.25	8	1350,0
105	-8.75	46.75	8	1350,0
105	-9.25	46.75	8	1350,0
105	-10.25	47.75	8	1350,0
56	-11.75	2.25	5	1300,50
56	-11.75	2.75	5	1300,50
56	-6.25	8.25	5	1300,50
56	-5.75	8.25	5	1300,50
56	-5.75	7.75	5	1300,50
56	-6.75	6.75	5	1300,50
56	-6.75	4.75	5	1300,50
56	-7.75	4.75	5	1300,50
56	-8.25	4.25	5	1300,50
56	-9.25	4.25	5	1300,50
56	-9.25	3.75	5	1300,50
56	-8.75	3.25	5	1300,50
56	-8.75	2.25	5	1300,50
56	-8.25	1.75	5	1300,50
56	-7.75	1.75	5	1300,50
56	-7.75	3.75	5	1300,50
56	-6.75	3.75	5	1300,50
56	-5.75	4.75	5	1300,50
56	-5.25	4.75	5	1300,50
56	-4.25	3.75	5	1300,50
56	-4.25	3.25	5	1300,50
56	-4.75	3.25	5	1300,50
56	-5.25	3.75	5	1300,50
56	-5.75	3.75	5	1300,50
56	-5.75	3.25	5	1300,50
56	-4.75	2.25	5	1300,50
56	-3.75	2.25	5	1300,50
56	-3.25	1.75	5	1300,50
56	-2.75	1.75	5	1300,50
56	-2.75	2.75	5	1300,50
56	-2.25	2.75	5	1300,50
56	-1.75	2.25	5	1300,50
56	-1.75	1.75	5	1300,50
56	-2.75	0.75	5	1300,50
56	-2.75	-0.25	5	1300,50
56	-3.25	-0.75	5	1300,50
56	-4.75	-0.75	5	1300,50
56	-5.25	-0.25	5	1300,50
56	-5.75	-0.25	5	1300,50
56	-6.25	-0.75	5	1300,50
56	-9.75	-0.75	5	1300,50
56	-9.75	0.25	5	1300,50
56	-10.25	0.75	5	1300,50
56	-10.25	2.75	5	1300,50
56	-10.75	2.75	5	1300,50
56	-11.25	2.25	5	1300,50
56	-11.75	2.25	5	1300,50
56	-11.25	48.75	5	1300,0
56	-11.25	49.25	5	1300,0
56	-10.75	49.25	5	1300,0
56	-10.25	48.75	5	1300,0
56	-9.75	48.75	5	1300,0
56	-9.25	49.25	5	1300,0
56	-6.75	49.25	5	1300,0
56	-6.25	48.75	5	1300,0
56	-5.25	48.75	5	1300,0
56	-4.25	47.75	5	1300,0
56	-4.25	45.75	5	1300,0
56	-2.75	44.25	5	1300,0
56	-2.25	44.25	5	1300,0
56	-2.25	45.25	5	1300,0
56	-0.25	45.25	5	1300,0
56	0.25	45.75	5	1300,0
56	0.25	46.75	5	1300,0
56	1.75	48.25	5	1300,0
56	2.25	48.25	5	1300,0
56	2.25	47.75	5	1300,0
56	1.75	47.25	5	1300,0
56	1.75	46.75	5	1300,0
56	2.25	46.75	5	1300,0
56	2.75	47.25	5	1300,0
56	3.75	47.25	5	1300,0
56	3.75	49.25	5	1300,0
56	5.25	49.25	5	1300,0
56	5.25	31.75	5	1300,0
56	4.75	31.25	5	1300,0
56	4.25	31.25	5	1300,0
56	3.75	31.75	5	1300,0
56	2.75	31.75	5	1300,0
56	2.75	32.25	5	1300,0
56	3.75	33.25	5	1300,0
56	4.75	33.25	5	1300,0
56	4.75	33.75	5	1300,0
56	4.25	34.25	5	1300,0
56	3.25	34.25	5	1300,0
56	2.75	34.75	5	1300,0
56	1.75	34.75	5	1300,0
56	1.75	35.75	5	1300,0
56	1.25	36.25	5	1300,0
56	1.25	36.75	5	1300,0
56	1.75	36.75	5	1300,0
56	2.75	35.75	5	1300,0
56	3.25	35.75	5	1300,0
56	3.75	36.25	5	1300,0
56	3.75	37.25	5	1300,0
56	4.25	37.75	5	1300,0
56	4.25	38.25	5	1300,0
56	3.75	38.75	5	1300,0
56	2.75	38.75	5	1300,0
56	1.25	40.25	5	1300,0
56	0.75	40.25	5	1300,0
56	0.25	39.75	5	1300,0
56	-0.25	39.75	5	1300,0
56	-0.25	40.25	5	1300,0
56	0.75	41.25	5	1300,0
56	0.75	41.75	5	1300,0
56	0.25	41.75	5	1300,0
56	-0.75	40.75	5	1300,0
56	-1.25	40.75	5	1300,0
56	-1.25	42.75	5	1300,0
56	-1.75	42.75	5	1300,0
56	-2.25	42.25	5	1300,0
56	-3.25	42.25	5	1300,0
56	-3.75	41.75	5	1300,0
56	-4.25	41.75	5	1300,0
56	-4.75	42.25	5	1300,0
56	-4.75	42.75	5	1300,0
56	-3.75	42.75	5	1300,0
56	-3.75	44.25	5	1300,0
56	-4.75	45.25	5	1300,0
56	-5.25	45.25	5	1300,0
56	-5.75	44.75	5	1300,0
56	-7.25	44.75	5	1300,0
56	-7.25	45.75	5	1300,0
56	-7.75	45.75	5	1300,0
56	-8.25	45.25	5	1300,0
56	-8.75	45.25	5	1300,0
56	-8.75	45.75	5	1300,0
56	-8.25	46.25	5	1300,0
56	-8.25	46.75	5	1300,0
56	-8.75	46.75	5	1300,0
56	-9.25	46.25	5	1300,0
56	-10.75	46.25	5	1300,0
56	-11.25	46.75	5	1300,0
56	-11.25	48.75	5	1300,0
56	-44.75	3.25	5	1350,50
56	-44.75	3.75	5	1350,50
56	-44.25	4.25	5	1350,50
56	-43.75	4.25	5	1350,50
56	-42.75	3.25	5	1350,50
56	-42.75	2.25	5	1350,50
56	-42.25	1.75	5	1350,50
56	-42.25	1.25	5	1350,50
56	-42.75	1.25	5	1350,50
56	-43.25	1.75	5	1350,50
56	-43.75	1.75	5	1350,50
56	-43.75	1.25	5	1350,50
56	-42.75	0.25	5	1350,50
56	-42.75	-0.25	5	1350,50
56	-43.25	-0.75	5	1350,50
56	-44.75	-0.75	5	1350,50
56	-44.75	3.25	5	1350,50
56	-44.75	48.25	5	1350,0
56	-44.75	48.75	5	1350,0
56	-44.25	49.25	5	1350,0
56	-38.75	49.25	5	1350,0
56	-38.75	48.25	5	1350,0
56	-38.25	47.75	5	1350,0
56	-37.75	47.75	5	1350,0
56	-37.25	48.25	5	1350,0
56	-36.25	48.25	5	1350,0
56	-35.75	48.75	5	1350,0
56	-35.25	48.75	5	1350,0
56	-35.25	48.25	5	1350,0
56	-35.75	47.75	5	1350,0
56	-35.75	46.75	5	1350,0
56	-36.25	46.75	5	1350,0
56	-36.75	47.25	5	1350,0
56	-37.25	47.25	5	1350,0
56	-37.75	46.75	5	1350,0
56	-37.75	45.75	5	1350,0
56	-38.25	45.75	5	1350,0
56	-38.75	46.25	5	1350,0
56	-39.25	46.25	5	1350,0
56	-39.25	43.75	5	1350,0
56	-38.75	43.25	5	1350,0
56	-38.75	42.25	5	1350,0
56	-38.25	41.75	5	1350,0
56	-38.25	41.25	5	1350,0
56	-39.25	41.25	5	1350,0
56	-40.25	40.25	5	1350,0
56	-40.25	39.25	5	1350,0
56	-41.25	38.25	5	1350,0
56	-42.25	38.25	5	1350,0
56	-42.25	36.75	5	1350,0
56	-41.25	35.75	5	1350,0
56	-40.75	35.75	5	1350,0
56	-39.75	36.75	5	1350,0
56	-39.25	36.75	5	1350,0
56	-38.75	36.25	5	1350,0
56	-36.75	36.25	5	1350,0
56	-36.75	35.75	5	1350,0
56	-37.25	35.25	5	1350,0
56	-37.25	34.25	5	1350,0
56	-38.25	33.25	5	1350,0
56	-38.25	32.75	5	1350,0
56	-37.25	31.75	5	1350,0
56	-35.75	31.75	5	1350,0
56	-35.75	32.25	5	1350,0
56	-36.75	33.25	5	1350,0
56	-36.75	33.75	5	1350,0
56	-36.25	33.75	5	1350,0
56	-35.75	33.25	5	1350,0
56	-35.25	33.25	5	1350,0
56	-35.25	33.75	5	1350,0
56	-36.25	34.75	5	1350,0
56	-36.25	35.25	5	1350,0
56	-35.75	35.75	5	1350,0
56	-35.75	36.75	5	1350,0
56	-34.75	36.75	5	1350,0
56	-34.25	37.25	5	1350,0
56	-34.25	37.75	5	1350,0
56	-34.75	38.25	5	1350,0
56	-34.75	38.75	5	1350,0
56	-34.25	38.75	5	1350,0
56	-33.25	37.75	5	1350,0
56	-32.75	37.75	5	1350,0
56	-32.75	39.75	5	1350,0
56	-31.75	39.75	5	1350,0
56	-31.75	41.25	5	1350,0
56	-32.75	41.25	5	1350,0
56	-32.75	42.75	5	1350,0
56	-32.25	43.25	5	1350,0
56	-32.25	44.25	5	1350,0
56	-31.75	44.25	5	1350,0
56	-30.25	42.75	5	1350,0
56	-30.25	40.25	5	1350,0
56	-31.25	39.25	5	1350,0
56	-31.25	38.75	5	1350,0
56	-30.25	38.75	5	1350,0
56	-30.25	37.75	5	1350,0
56	-29.25	37.75	5	1350,0
56	-28.75	37.25	5	1350,0
56	-28.75	36.25	5	1350,0
56	-27.75	36.25	5	1350,0
56	-27.75	35.25	5	1350,0
56	-27.25	34.75	5	1350,0
56	-27.25	34.25	5	1350,0
56	-27.75	33.75	5	1350,0
56	-28.25	33.75	5	1350,0
56	-28.25	34.75	5	1350,0
56	-28.75	35.25	5	1350,0
56	-31.25	35.25	5	1350,0
56	-31.25	34.25	5	1350,0
56	-31.75	33.75	5	1350,0
56	-32.75	33.75	5	1350,0
56	-32.75	32.75	5	1350,0
56	-33.25	32.25	5	1350,0
56	-33.25	29.75	5	1350,0
56	-31.75	28.25	5	1350,0
56	-31.25	28.25	5	1350,0
56	-31.25	28.75	5	1350,0
56	-31.75	29.25	5	1350,0
56	-31.75	29.75	5	1350,0
56	-30.25	29.75	5	1350,0
56	-29.75	29.25	5	1350,0
56	-29.25	29.25	5	1350,0
56	-29.25	30.25	5	1350,0
56	-28.25	31.25	5	1350,0
56	-27.75	31.25	5	1350,0
56	-27.75	29.25	5	1350,0
56	-27.25	29.25	5	1350,0
56	-26.75	29.75	5	1350,0
56	-26.25	29.75	5	1350,0
56	-26.25	29.25	5	1350,0
56	-31.25	24.25	5	1350,0
56	-32.25	24.25	5	1350,0
56	-32.25	23.25	5	1350,0
56	-32.75	22.75	5	1350,0
56	-33.75	22.75	5	1350,0
56	-35.25	21.25	5	1350,0
56	-35.25	20.25	5	1350,0
56	-36.25	20.25	5	1350,0
56	-36.25	19.75	5	1350,0
56	-35.75	19.25	5	1350,0
56	-35.75	18.25	5	1350,0
56	-35.25	17.75	5	1350,0
56	-35.25	16.25	5	1350,0
56	-35.75	16.25	5	1350,0
56	-36.25	16.75	5	1350,0
56	-36.25	18.75	5	1350,0
56	-36.75	18.75	5	1350,0
56	-37.25	18.25	5	1350,0
56	-37.75	18.25	5	1350,0
56	-37.75	19.25	5	1350,0
56	-38.25	19.75	5	1350,0
56	-38.25	20.25	5	1350,0
56	-37.75	20.75	5	1350,0
56	-37.75	22.75	5	1350,0
56	-37.25	23.25	5	1350,0
56	-36.25	23.25	5	1350,0
56	-34.75	24.75	5	1350,0
56	-34.75	25.25	5	1350,0
56	-35.75	25.25	5	1350,0
56	-35.75	25.75	5	1350,0
56	-34.25	27.25	5	1350,0
56	-34.25	27.75	5	1350,0
56	-35.25	27.75	5	1350,0
56	-36.25	28.75	5	1350,0
56	-36.25	29.25	5	1350,0
56	-35.25	29.25	5	1350,0
56	-35.25	29.75	5	1350,0
56	-36.25	30.75	5	1350,0
56	-37.25	30.75	5	1350,0
56	-37.75	31.25	5	1350,0
56	-39.75	31.25	5	1350,0
56	-39.75	32.75	5	1350,0
56	-38.75	33.75	5	1350,0
56	-38.75	34.25	5	1350,0
56	-39.25	34.25	5	1350,0
56	-39.75	33.75	5	1350,0
56	-40.25	33.75	5	1350,0
56	-40.25	34.75	5	1350,0
56	-40.75	34.75	5	1350,0
56	-41.25	34.25	5	1350,0
56	-41.25	33.75	5	1350,0
56	-40.75	33.25	5	1350,0
56	-40.75	32.75	5	1350,0
56	-41.75	32.75	5	1350,0
56	-42.75	31.75	5	1350,0
56	-42.75	31.25	5	1350,0
56	-42.25	30.75	5	1350,0
56	-41.25	30.75	5	1350,0
56	-40.75	30.25	5	1350,0
56	-39.75	30.25	5	1350,0
56	-39.75	29.75	5	1350,0
56	-40.25	29.25	5	1350,0
56	-42.25	29.25	5	1350,0
56	-42.75	28.75	5	1350,0
56	-43.25	28.75	5	1350,0
56	-43.75	29.25	5	1350,0
56	-43.75	31.25	5	1350,0
56	-44.75	31.25	5	1350,0
56	-44.75	48.25	5	1350,0
57	-11.75	-0.75	5	1300,50
57	-11.75	-0.25	5	1300,50
57	-11.25	-0.25	5	1300,50
57	-11.25	-0.75	5	1300,50
57	-11.75	-0.75	5	1300,50
57	-41.75	-0.75	5	1350,50
57	-41.75	-0.25	5	1350,50
57	-41.25	-0.25	5	1350,50
57	-41.25	-0.75	5	1350,50
57	-41.75	-0.75	5	1350,50
57	-34.75	19.25	5	1350,0
57	-34.75	19.75	5	1350,0
57	-34.25	19.75	5	1350,0
57	-34.25	19.25	5	1350,0
57	-34.75	19.25	5	1350,0
58	4.25	2.25	5	1300,50
58	4.25	2.75	5	1300,50
58	4.75	3.25	5	1300,50
58	5.25	3.25	5	1300,50
58	5.25	2.75	5	1300,50
58	4.75	2.25	5	1300,50
58	4.25	2.25	5	1300,50
58	-40.75	-0.25	5	1350,50
58	-40.75	-0.75	5	1350,50
58	-40.25	-0.75	5	1350,50
58	-40.25	-0.25	5	1350,50
58	-40.75	-0.25	5	1350,50
58	-32.75	21.25	5	1350,0
58	-32.75	21.75	5	1350,0
58	-31.75	22.75	5	1350,0
58	-31.25	22.75	5	1350,0
58	-31.25	21.25	5	1350,0
58	-31.75	20.75	5	1350,0
58	-32.25	20.75	5	1350,0
58	-32.75	21.25	5	1350,0
59	4.75	0.75	5	1300,50
59	4.75	1.25	5	1300,50
59	5.25	1.25	5	1300,50
59	5.25	0.75	5	1300,50
59	4.75	0.75	5	1300,50
59	-38.75	-0.75	5	1350,50
59	-38.75	-0.25	5	1350,50
59	-38.25	-0.25	5	1350,50
59	-38.25	-0.75	5	1350,50
59	-38.75	-0.75	5	1350,50
59	-30.25	23.75	5	1350,0
59	-30.25	24.25	5	1350,0
59	-26.75	27.75	5	1350,0
59	-26.25	27.75	5	1350,0
59	-26.25	26.75	5	1350,0
59	-25.25	26.75	5	1350,0
59	-24.25	25.75	5	1350,0
59	-23.75	25.75	5	1350,0
59	-23.75	27.75	5	1350,0
59	-22.75	27.75	5	1350,0
59	-22.25	28.25	5	1350,0
59	-21.75	28.25	5	1350,0
59	-21.25	27.75	5	1350,0
59	-21.25	27.25	5	1350,0
59	-22.25	27.25	5	1350,0
59	-22.25	26.75	5	1350,0
59	-21.25	25.75	5	1350,0
59	-20.75	25.75	5	1350,0
59	-20.25	26.25	5	1350,0
59	-20.25	27.25	5	1350,0
59	-19.75	27.25	5	1350,0
59	-19.25	26.75	5	1350,0
59	-18.25	26.75	5	1350,0
59	-17.75	26.25	5	1350,0
59	-16.75	26.25	5	1350,0
59	-16.25	25.75	5	1350,0
59	-15.25	25.75	5	1350,0
59	-15.25	25.25	5	1350,0
59	-15.75	24.75	5	1350,0
59	-17.75	24.75	5	1350,0
59	-18.75	23.75	5	1350,0
59	-18.75	23.25	5	1350,0
59	-17.75	23.25	5	1350,0
59	-17.75	22.75	5	1350,0
59	-18.25	22.25	5	1350,0
59	-18.25	21.75	5	1350,0
59	-17.25	20.75	5	1350,0
59	-17.25	19.75	5	1350,0
59	-16.25	19.75	5	1350,0
59	-16.25	19.25	5	1350,0
59	-16.75	18.75	5	1350,0
59	-17.25	18.75	5	1350,0
59	-18.25	19.75	5	1350,0
59	-18.75	19.75	5	1350,0
59	-18.75	18.75	5	1350,0
59	-19.25	18.75	5	1350,0
59	-20.75	20.25	5	1350,0
59	-22.75	20.25	5	1350,0
59	-23.25	20.75	5	1350,0
59	-23.25	21.25	5	1350,0
59	-22.75	21.75	5	1350,0
59	-21.75	21.75	5	1350,0
59	-21.75	23.25	5	1350,0
59	-22.25	23.25	5	1350,0
59	-23.75	21.75	5	1350,0
59	-24.25	21.75	5	1350,0
59	-24.75	22.25	5	1350,0
59	-24.75	23.25	5	1350,0
59	-25.25	23.25	5	1350,0
59	-25.75	22.75	5	1350,0
59	-26.75	22.75	5	1350,0
59	-26.75	21.75	5	1350,0
59	-27.25	21.75	5	1350,0
59	-28.25	22.75	5	1350,0
59	-29.25	22.75	5	1350,0
59	-30.25	23.75	5	1350,0
89	-33.75	29.25	7	1300,0
89	-33.75	29.75	7	1300,0
89	-33.25	29.75	7	1300,0
89	-32.75	29.25	7	1300,0
89	-32.25	29.25	7	1300,0
89	-32.25	30.25	7	1300,0
89	-31.25	31.25	7	1300,0
89	-30.75	31.25	7	1300,0
89	-30.75	30.25	7	1300,0
89	-29.75	30.25	7	1300,0
89	-29.75	29.75	7	1300,0
89	-30.25	29.25	7	1300,0
89	-31.25	29.25	7	1300,0
89	-32.25	28.25	7	1300,0
89	-32.75	28.25	7	1300,0
89	-33.75	29.25	7	1300,0
90	-34.25	27.75	7	1300,0
90	-34.25	28.25	7	1300,0
90	-33.75	28.25	7	1300,0
90	-32.25	26.75	7	1300,0
90	-32.25	26.25	7	1300,0
90	-32.75	26.25	7	1300,0
90	-34.25	27.75	7	1300,0
100	-44.25	15.75	78	1350,50
100	-44.25	16.25	78	1350,50
100	-43.75	16.25	78	1350,50
100	-42.75	15.25	78	1350,50
100	-42.25	15.25	78	1350,50
100	-42.25	15.75	78	1350,50
100	-42.75	16.25	78	1350,50
100	-42.75	17.75	78	1350,50
100	-42.25	17.75	78	1350,50
100	-41.75	17.25	78	1350,50
100	-40.75	17.25	78	1350,50
100	-40.75	16.25	78	1350,50
100	-40.25	16.25	78	1350,50
100	-38.75	17.75	78	1350,50
100	-38.75	18.75	78	1350,50
100	-38.25	18.75	78	1350,50
100	-37.25	17.75	78	1350,50
100	-37.25	15.75	78	1350,50
100	-36.25	15.75	78	1350,50
100	-35.75	15.25	78	1350,50
100	-35.75	13.75	78	1350,50
100	-36.25	13.25	78	1350,50
100	-36.75	13.25	78	1350,50
100	-36.75	14.25	78	1350,50
100	-38.75	14.25	78	1350,50
100	-39.25	14.75	78	1350,50
100	-39.75	14.75	78	1350,50
100	-39.75	14.25	78	1350,50
100	-39.25	13.75	78	1350,50
100	-39.25	13.25	78	1350,50
100	-39.75	13.25	78	1350,50
100	-40.75	14.25	78	1350,50
100	-41.25	14.25	78	1350,50
100	-41.25	13.75	78	1350,50
100	-40.75	13.25	78	1350,50
100	-40.75	12.75	78	1350,50
100	-41.25	12.25	78	1350,50
100	-41.75	12.25	78	1350,50
100	-42.25	12.75	78	1350,50
100	-43.25	12.75	78	1350,50
100	-43.25	13.75	78	1350,50
100	-44.25	13.75	78	1350,50
100	-44.25	15.75	78	1350,50
63	-31.75	27.25	52	1300,0
63	-31.75	27.75	52	1300,0
63	-31.25	27.75	52	1300,0
63	-31.25	27.25	52	1300,0
63	-31.75	27.25	52	1300,0
44	-30.75	25.25	42	1300,0
44	-30.75	25.75	42	1300,0
44	-30.25	25.75	42	1300,0
44	-30.25	25.25	42	1300,0
44	-30.75	25.25	42	1300,0
45	-25.25	19.75	42	1300,0
45	-25.25	20.25	42	1300,0
45	-24.75	20.25	42	1300,0
45	-24.75	19.75	42	1300,0
45	-25.25	19.75	42	1300,0
46	-22.25	16.75	42	1300,0
46	-22.25	17.25	42	1300,0
46	-21.75	17.25	42	1300,0
46	-21.75	16.75	42	1300,0
46	-22.25	16.75	42	1300,0
35	-36.75	17.25	35	1350,50
35	-36.75	17.75	35	1350,50
35	-34.25	17.75	35	1350,50
35	-33.75	17.25	35	1350,50
35	-33.25	17.25	35	1350,50
35	-32.75	17.75	35	1350,50
35	-32.75	18.25	35	1350,50
35	-34.25	19.75	35	1350,50
35	-34.25	20.25	35	1350,50
35	-33.75	20.25	35	1350,50
35	-32.25	18.75	35	1350,50
35	-31.75	18.75	35	1350,50
35	-31.75	19.75	35	1350,50
35	-30.75	19.75	35	1350,50
35	-29.25	21.25	35	1350,50
35	-28.75	21.25	35	1350,50
35	-27.75	20.25	35	1350,50
35	-27.75	19.75	35	1350,50
35	-28.25	19.25	35	1350,50
35	-28.25	18.25	35	1350,50
35	-28.75	18.25	35	1350,50
35	-29.25	18.75	35	1350,50
35	-29.25	19.75	35	1350,50
35	-29.75	19.75	35	1350,50
35	-30.25	19.25	35	1350,50
35	-30.25	17.75	35	1350,50
35	-29.25	16.75	35	1350,50
35	-28.25	16.75	35	1350,50
35	-27.25	15.75	35	1350,50
35	-25.75	15.75	35	1350,50
35	-25.75	16.75	35	1350,50
35	-25.25	16.75	35	1350,50
35	-24.75	16.25	35	1350,50
35	-24.25	16.25	35	1350,50
35	-23.75	16.75	35	1350,50
35	-23.25	16.75	35	1350,50
35	-23.25	15.75	35	1350,50
35	-21.75	15.75	35	1350,50
35	-21.75	16.75	35	1350,50
35	-21.25	16.75	35	1350,50
35	-17.25	12.75	35	1350,50
35	-17.25	12.25	35	1350,50
35	-18.25	11.25	35	1350,50
35	-19.25	11.25	35	1350,50
35	-19.75	10.75	35	1350,50
35	-19.75	9.75	35	1350,50
35	-20.25	9.75	35	1350,50
35	-20.75	10.25	35	1350,50
35	-21.25	10.25	35	1350,50
35	-21.25	8.25	35	1350,50
35	-21.75	8.25	35	1350,50
35	-22.75	9.25	35	1350,50
35	-22.75	10.75	35	1350,50
35	-22.25	11.25	35	1350,50
35	-22.25	11.75	35	1350,50
35	-23.25	11.75	35	1350,50
35	-23.75	12.25	35	1350,50
35	-23.75	12.75	35	1350,50
35	-20.75	12.75	35	1350,50
35	-20.75	13.25	35	1350,50
35	-21.25	13.75	35	1350,50
35	-22.25	13.75	35	1350,50
35	-22.75	14.25	35	1350,50
35	-23.75	14.25	35	1350,50
35	-23.75	15.25	35	1350,50
35	-25.25	15.25	35	1350,50
35	-25.25	13.75	35	1350,50
35	-24.25	13.75	35	1350,50
35	-24.25	13.25	35	1350,50
35	-24.75	12.75	35	1350,50
35	-25.25	12.75	35	1350,50
35	-28.25	15.75	35	1350,50
35	-28.75	15.75	35	1350,50
35	-29.75	14.75	35	1350,50
35	-29.75	14.25	35	1350,50
35	-29.25	13.75	35	1350,50
35	-29.25	13.25	35	1350,50
35	-29.75	13.25	35	1350,50
35	-30.75	14.25	35	1350,50
35	-32.75	14.25	35	1350,50
35	-33.25	14.75	35	1350,50
35	-33.25	15.75	35	1350,50
35	-33.75	16.25	35	1350,50
35	-35.75	16.25	35	1350,50
35	-36.75	17.25	35	1350,50
60	-25.75	28.25	5	1350,0
60	-25.75	28.75	5	1350,0
60	-25.25	29.25	5	1350,0
60	-24.75	29.25	5	1350,0
60	-24.75	28.75	5	1350,0
60	-25.25	28.25	5	1350,0
60	-25.75	28.25	5	1350,0
106	-36.25	19.75	8	1350,0
106	-36.25	20.25	8	1350,0
106	-35.75	20.25	8	1350,0
106	-35.75	19.75	8	1350,0
106	-36.25	19.75	8	1350,0
107	-13.25	40.75	8	1350,0
107	-13.25	41.25	8	1350,0
107	-11.75	42.75	8	1350,0
107	-11.25	42.75	8	1350,0
107	-10.75	42.25	8	1350,0
107	-10.75	40.75	8	1350,0
107	-11.75	40.75	8	1350,0
107	-12.25	40.25	8	1350,0
107	-12.75	40.25	8	1350,0
107	-13.25	40.75	8	1350,0
108	-9.75	44.25	8	1350,0
108	-9.75	44.75	8	1350,0
108	-7.75	46.75	8	1350,0
108	-7.25	46.75	8	1350,0
108	-6.75	46.25	8	1350,0
108	-4.75	46.25	8	1350,0
108	-4.75	45.75	8	1350,0
108	-5.25	45.25	8	1350,0
108	-8.25	45.25	8	1350,0
108	-8.25	43.25	8	1350,0
108	-8.75	42.75	8	1350,0
108	-9.25	42.75	8	1350,0
108	-9.25	43.75	8	1350,0
108	-9.75	44.25	8	1350,0
42	-20.25	15.75	40	1300,0
42	-20.25	16.25	40	1300,0
42	-19.75	16.25	40	1300,0
42	-18.25	14.75	40	1300,0
42	-18.25	14.25	40	1300,0
42	-18.75	14.25	40	1300,0
42	-20.25	15.75	40	1300,0
29	-32.25	-0.25	31	1300,0
29	-32.25	0.25	31	1300,0
29	-31.75	0.75	31	1300,0
29	-28.75	0.75	31	1300,0
29	-28.25	1.25	31	1300,0
29	-25.25	1.25	31	1300,0
29	-24.75	1.75	31	1300,0
29	-22.25	1.75	31	1300,0
29	-21.25	0.75	31	1300,0
29	-20.75	0.75	31	1300,0
29	-20.25	1.25	31	1300,0
29	-19.75	1.25	31	1300,0
29	-19.25	0.75	31	1300,0
29	-18.75	0.75	31	1300,0
29	-17.75	1.75	31	1300,0
29	-16.25	1.75	31	1300,0
29	-16.25	0.75	31	1300,0
29	-15.25	0.75	31	1300,0
29	-14.75	0.25	31	1300,0
29	-14.75	-0.25	31	1300,0
29	-32.25	-0.25	31	1300,0
6	-31.25	0.75	13	1300,0
6	-31.25	1.25	13	1300,0
6	-30.25	2.25	13	1300,0
6	-29.25	2.25	13	1300,0
6	-28.75	2.75	13	1300,0
6	-27.75	2.75	13	1300,0
6	-27.25	3.25	13	1300,0
6	-26.75	3.25	13	1300,0
6	-26.25	2.75	13	1300,0
6	-26.25	1.25	13	1300,0
6	-28.25	1.25	13	1300,0
6	-28.75	0.75	13	1300,0
6	-31.25	0.75	13	1300,0
25	-29.75	2.25	3	1300,0
25	-29.75	2.75	3	1300,0
25	-21.25	11.25	3	1300,0
25	-20.75	11.25	3	1300,0
25	-20.25	10.75	3	1300,0
25	-19.25	10.75	3	1300,0
25	-19.25	10.25	3	1300,0
25	-20.75	8.75	3	1300,0
25	-20.75	7.25	3	1300,0
25	-19.75	7.25	3	1300,0
25	-18.75	6.25	3	1300,0
25	-18.25	6.25	3	1300,0
25	-18.25	7.25	3	1300,0
25	-17.75	7.75	3	1300,0
25	-16.25	7.75	3	1300,0
25	-13.75	5.25	3	1300,0
25	-12.75	5.25	3	1300,0
25	-12.75	4.25	3	1300,0
25	-12.25	4.25	3	1300,0
25	-11.75	4.75	3	1300,0
25	-11.25	4.75	3	1300,0
25	-9.75	3.25	3	1300,0
25	-9.75	2.75	3	1300,0
25	-12.25	2.75	3	1300,0
25	-12.75	3.25	3	1300,0
25	-13.25	3.25	3	1300,0
25	-14.25	2.25	3	1300,0
25	-14.75	2.25	3	1300,0
25	-14.75	2.75	3	1300,0
25	-14.25	3.25	3	1300,0
25	-14.25	3.75	3	1300,0
25	-14.75	3.75	3	1300,0
25	-15.25	3.25	3	1300,0
25	-16.25	3.25	3	1300,0
25	-17.75	1.75	3	1300,0
25	-18.25	1.75	3	1300,0
25	-18.25	2.25	3	1300,0
25	-17.75	2.75	3	1300,0
25	-17.75	3.25	3	1300,0
25	-18.25	3.25	3	1300,0
25	-19.25	2.25	3	1300,0
25	-19.75	2.25	3	1300,0
25	-20.25	2.75	3	1300,0
25	-20.75	2.75	3	1300,0
25	-21.25	2.25	3	1300,0
25	-21.25	1.25	3	1300,0
25	-21.75	1.25	3	1300,0
25	-22.25	1.75	3	1300,0
25	-24.75	1.75	3	1300,0
25	-25.25	1.25	3	1300,0
25	-25.75	1.25	3	1300,0
25	-26.25	1.75	3	1300,0
25	-26.25	2.75	3	1300,0
25	-26.75	3.25	3	1300,0
25	-27.25	3.25	3	1300,0
25	-27.75	2.75	3	1300,0
25	-28.75	2.75	3	1300,0
25	-29.25	2.25	3	1300,0
25	-29.75	2.25	3	1300,0
26	-15.75	4.25	3	1300,0
26	-15.75	4.75	3	1300,0
26	-15.25	4.75	3	1300,0
26	-15.25	4.25	3	1300,0
26	-15.75	4.25	3	1300,0
12	-20.75	11.25	19	1300,0
12	-20.75	11.75	19	1300,0
12	-19.75	12.75	19	1300,0
12	-19.25	12.75	19	1300,0
12	-13.75	7.25	19	1300,0
12	-13.75	6.25	19	1300,0
12	-12.75	6.25	19	1300,0
12	-11.75	5.25	19	1300,0
12	-11.75	4.75	19	1300,0
12	-12.25	4.25	19	1300,0
12	-12.75	4.25	19	1300,0
12	-12.75	5.25	19	1300,0
12	-13.75	5.25	19	1300,0
12	-16.25	7.75	19	1300,0
12	-17.75	7.75	19	1300,0
12	-18.25	7.25	19	1300,0
12	-18.25	6.25	19	1300,0
12	-18.75	6.25	19	1300,0
12	-19.75	7.25	19	1300,0
12	-20.75	7.25	19	1300,0
12	-20.75	8.75	19	1300,0
12	-19.25	10.25	19	1300,0
12	-19.25	10.75	19	1300,0
12	-20.25	10.75	19	1300,0
12	-20.75	11.25	19	1300,0
19	-19.25	12.75	24	1300,0
19	-19.25	13.25	24	1300,0
19	-18.25	14.25	24	1300,0
19	-17.75	14.25	24	1300,0
19	-16.75	13.25	24	1300,0
19	-15.75	13.25	24	1300,0
19	-15.25	12.75	24	1300,0
19	-15.25	11.75	24	1300,0
19	-14.75	11.25	24	1300,0
19	-13.75	11.25	24	1300,0
19	-13.75	10.25	24	1300,0
19	-12.25	8.75	24	1300,0
19	-11.25	8.75	24	1300,0
19	-11.25	7.75	24	1300,0
19	-10.75	7.25	24	1300,0
19	-10.25	7.25	24	1300,0
19	-9.75	7.75	24	1300,0
19	-9.25	7.75	24	1300,0
19	-9.25	7.25	24	1300,0
19	-9.75	6.75	24	1300,0
19	-9.75	6.25	24	1300,0
19	-8.75	5.25	24	1300,0
19	-8.75	4.75	24	1300,0
19	-9.25	4.75	24	1300,0
19	-17.75	13.25	24	1300,0
19	-18.25	13.25	24	1300,0
19	-18.25	12.75	24	1300,0
19	-10.75	5.25	24	1300,0
19	-10.75	4.75	24	1300,0
19	-11.25	4.75	24	1300,0
19	-19.25	12.75	24	1300,0
8	-17.75	14.25	15	1300,0
8	-17.75	14.75	15	1300,0
8	-16.75	15.75	15	1300,0
8	-16.25	15.75	15	1300,0
8	-15.75	15.25	15	1300,0
8	-15.75	14.75	15	1300,0
8	-16.25	14.25	15	1300,0
8	-16.25	13.25	15	1300,0
8	-16.75	13.25	15	1300,0
8	-17.75	14.25	15	1300,0
93	-16.25	15.75	72	1300,0
93	-16.25	16.25	72	1300,0
93	-15.75	16.25	72	1300,0
93	-8.25	8.75	72	1300,0
93	-8.25	8.25	72	1300,0
93	-9.25	8.25	72	1300,0
93	-9.75	7.75	72	1300,0
93	-10.25	7.75	72	1300,0
93	-10.25	9.75	72	1300,0
93	-14.75	14.25	72	1300,0
93	-15.25	14.25	72	1300,0
93	-15.75	13.75	72	1300,0
93	-16.25	13.75	72	1300,0
93	-16.25	14.25	72	1300,0
93	-15.75	14.75	72	1300,0
93	-15.75	15.25	72	1300,0
93	-16.25	15.75	72	1300,0
109	-17.75	12.25	80	1300,0
109	-17.75	12.75	80	1300,0
109	-17.25	12.75	80	1300,0
109	-17.25	12.25	80	1300,0
109	-17.75	12.25	80	1300,0
110	-12.25	6.75	80	1300,0
110	-12.25	7.25	80	1300,0
110	-11.75	7.25	80	1300,0
110	-11.25	6.75	80	1300,0
110	-11.25	6.25	80	1300,0
110	-11.75	6.25	80	1300,0
110	-12.25	6.75	80	1300,0
3	-15.75	13.25	10	1300,0
3	-15.75	13.75	10	1300,0
3	-15.25	14.25	10	1300,0
3	-14.75	14.25	10	1300,0
3	-13.75	13.25	10	1300,0
3	-13.75	12.25	10	1300,0
3	-12.25	10.75	10	1300,0
3	-12.25	9.75	10	1300,0
3	-11.25	9.75	10	1300,0
3	-10.25	8.75	10	1300,0
3	-10.25	7.25	10	1300,0
3	-10.75	7.25	10	1300,0
3	-11.25	7.75	10	1300,0
3	-11.25	8.75	10	1300,0
3	-12.25	8.75	10	1300,0
3	-13.75	10.25	10	1300,0
3	-13.75	11.25	10	1300,0
3	-14.75	11.25	10	1300,0
3	-15.25	11.75	10	1300,0
3	-15.25	12.75	10	1300,0
3	-15.75	13.25	10	1300,0
86	-13.75	12.25	67	1300,0
86	-13.75	12.75	67	1300,0
86	-13.25	12.75	67	1300,0
86	-10.25	9.75	67	1300,0
86	-10.25	9.25	67	1300,0
86	-10.75	9.25	67	1300,0
86	-11.25	9.75	67	1300,0
86	-12.25	9.75	67	1300,0
86	-12.25	10.75	67	1300,0
86	-13.75	12.25	67	1300,0
51	-21.25	1.75	45	1300,0
51	-21.25	2.25	45	1300,0
51	-20.75	2.75	45	1300,0
51	-20.25	2.75	45	1300,0
51	-19.75	2.25	45	1300,0
51	-19.25	2.25	45	1300,0
51	-18.25	3.25	45	1300,0
51	-17.75	3.25	45	1300,0
51	-17.75	2.75	45	1300,0
51	-18.25	2.25	45	1300,0
51	-18.25	1.25	45	1300,0
51	-18.75	0.75	45	1300,0
51	-19.25	0.75	45	1300,0
51	-19.75	1.25	45	1300,0
51	-20.25	1.25	45	1300,0
51	-20.75	0.75	45	1300,0
51	-21.25	0.75	45	1300,0
51	-21.25	1.75	45	1300,0
47	-15.75	4.25	43	1300,0
47	-15.75	4.75	43	1300,0
47	-15.25	4.75	43	1300,0
47	-15.25	4.25	43	1300,0
47	-15.75	4.25	43	1300,0
70	-13.75	6.25	58	1300,0
70	-13.75	6.75	58	1300,0
70	-13.25	6.75	58	1300,0
70	-13.25	6.25	58	1300,0
70	-13.75	6.25	58	1300,0
7	-17.25	1.75	14	1300,0
7	-17.25	2.25	14	1300,0
7	-16.25	3.25	14	1300,0
7	-15.25	3.25	14	1300,0
7	-14.75	3.75	14	1300,0
7	-14.25	3.75	14	1300,0
7	-14.25	3.25	14	1300,0
7	-14.75	2.75	14	1300,0
7	-14.75	2.25	14	1300,0
7	-14.25	2.25	14	1300,0
7	-13.25	3.25	14	1300,0
7	-12.75	3.25	14	1300,0
7	-12.25	2.75	14	1300,0
7	-9.25	2.75	14	1300,0
7	-7.75	1.25	14	1300,0
7	-7.75	0.75	14	1300,0
7	-8.25	0.75	14	1300,0
7	-8.75	1.25	14	1300,0
7	-9.25	1.25	14	1300,0
7	-9.75	0.75	14	1300,0
7	-10.25	0.75	14	1300,0
7	-11.25	1.75	14	1300,0
7	-11.75	1.75	14	1300,0
7	-12.75	0.75	14	1300,0
7	-13.75	0.75	14	1300,0
7	-14.25	0.25	14	1300,0
7	-14.75	0.25	14	1300,0
7	-15.25	0.75	14	1300,0
7	-16.25	0.75	14	1300,0
7	-16.25	1.75	14	1300,0
7	-17.25	1.75	14	1300,0
34	-9.25	7.75	34	1300,0
34	-9.25	8.25	34	1300,0
34	-8.75	8.25	34	1300,0
34	-8.25	7.75	34	1300,0
34	-8.25	6.75	34	1300,0
34	-7.25	6.75	34	1300,0
34	-7.25	5.25	34	1300,0
34	-7.75	5.25	34	1300,0
34	-9.25	6.75	34	1300,0
34	-9.25	7.75	34	1300,0
1	-9.75	6.25	1	1300,0
1	-9.75	6.75	1	1300,0
1	-9.25	6.75	1	1300,0
1	-7.75	5.25	1	1300,0
1	-7.75	4.25	1	1300,0
1	-6.75	3.25	1	1300,0
1	-5.75	3.25	1	1300,0
1	-5.75	1.75	1	1300,0
1	-6.25	1.75	1	1300,0
1	-8.75	4.25	1	1300,0
1	-8.75	5.25	1	1300,0
1	-9.75	6.25	1	1300,0
2	-8.75	2.25	1	1300,0
2	-8.75	2.75	1	1300,0
2	-8.25	2.75	1	1300,0
2	-7.25	1.75	1	1300,0
2	-7.25	1.25	1	1300,0
2	-7.75	1.25	1	1300,0
2	-8.75	2.25	1	1300,0
32	-8.25	7.75	33	1300,0
32	-8.25	8.25	33	1300,0
32	-7.75	8.25	33	1300,0
32	-5.25	5.75	33	1300,0
32	-5.25	4.75	33	1300,0
32	-4.75	4.25	33	1300,0
32	-4.75	1.75	33	1300,0
32	-5.25	1.25	33	1300,0
32	-5.75	1.25	33	1300,0
32	-5.75	3.25	33	1300,0
32	-6.75	3.25	33	1300,0
32	-7.75	4.25	33	1300,0
32	-7.75	4.75	33	1300,0
32	-7.25	5.25	33	1300,0
32	-7.25	6.75	33	1300,0
32	-8.25	6.75	33	1300,0
32	-8.25	7.75	33	1300,0
33	-7.25	0.75	33	1300,0
33	-7.25	1.25	33	1300,0
33	-6.75	1.25	33	1300,0
33	-5.75	0.25	33	1300,0
33	-5.75	-0.25	33	1300,0
33	-6.25	-0.25	33	1300,0
33	-7.25	0.75	33	1300,0
111	-11.75	4.25	9	1350,50
111	-11.75	4.75	9	1350,50
111	-10.75	4.75	9	1350,50
111	-10.25	5.25	9	1350,50
111	-9.75	5.25	9	1350,50
111	-5.25	0.75	9	1350,50
111	-5.25	0.25	9	1350,50
111	-6.25	-0.75	9	1350,50
111	-10.75	-0.75	9	1350,50
111	-10.75	0.25	9	1350,50
111	-12.75	0.25	9	1350,50
111	-12.75	0.75	9	1350,50
111	-12.25	1.25	9	1350,50
111	-12.25	1.75	9	1350,50
111	-13.25	1.75	9	1350,50
111	-13.25	2.25	9	1350,50
111	-12.75	2.75	9	1350,50
111	-11.75	2.75	9	1350,50
111	-11.75	4.25	9	1350,50
111	-13.75	47.25	9	1350,0
111	-13.75	47.75	9	1350,0
111	-12.75	47.75	9	1350,0
111	-12.75	48.75	9	1350,0
111	-12.25	49.25	9	1350,0
111	-6.75	49.25	9	1350,0
111	-6.75	48.75	9	1350,0
111	-7.75	47.75	9	1350,0
111	-9.25	47.75	9	1350,0
111	-9.75	48.25	9	1350,0
111	-10.25	48.25	9	1350,0
111	-10.25	47.75	9	1350,0
111	-9.25	46.75	9	1350,0
111	-9.25	46.25	9	1350,0
111	-9.75	46.25	9	1350,0
111	-10.25	46.75	9	1350,0
111	-13.25	46.75	9	1350,0
111	-13.75	47.25	9	1350,0
111	-45.25	39.75	9	1400,0
111	-45.25	40.25	9	1400,0
111	-44.75	40.25	9	1400,0
111	-4.75	0.25	9	1400,0
111	-4.75	-0.25	9	1400,0
111	-36.25	-0.25	9	1400,0
111	-45.25	8.75	9	1400,0
111	-45.25	39.75	9	1400,0
112	-4.75	-0.75	9	1350,50
112	-4.75	-0.25	9	1350,50
112	-4.25	-0.25	9	1350,50
112	-4.25	-0.75	9	1350,50
112	-4.75	-0.75	9	1350,50
112	-15.75	40.25	9	1350,0
112	-15.75	40.75	9	1350,0
112	-15.25	40.75	9	1350,0
112	-15.25	40.25	9	1350,0
112	-15.75	40.25	9	1350,0
38	-10.75	4.25	38	1300,0
38	-10.75	4.75	38	1300,0
38	-10.25	4.75	38	1300,0
38	-8.75	3.25	38	1300,0
38	-8.75	2.75	38	1300,0
38	-9.25	2.75	38	1300,0
38	-10.75	4.25	38	1300,0
84	-10.25	4.75	65	1300,0
84	-10.25	5.25	65	1300,0
84	-9.75	5.25	65	1300,0
84	-9.75	4.75	65	1300,0
84	-10.25	4.75	65	1300,0
68	-14.25	-0.25	56	1300,0
68	-14.25	0.25	56	1300,0
68	-13.75	0.75	56	1300,0
68	-12.75	0.75	56	1300,0
68	-11.75	1.75	56	1300,0
68	-11.25	1.75	56	1300,0
68	-10.25	0.75	56	1300,0
68	-9.75	0.75	56	1300,0
68	-9.25	1.25	56	1300,0
68	-8.75	1.25	56	1300,0
68	-8.25	0.75	56	1300,0
68	-7.25	0.75	56	1300,0
68	-6.75	0.25	56	1300,0
68	-6.75	-0.25	56	1300,0
68	-14.25	-0.25	56	1300,0
64	-9.25	3.75	53	1300,0
64	-9.25	4.25	53	1300,0
64	-8.75	4.25	53	1300,0
64	-8.25	3.75	53	1300,0
64	-8.25	3.25	53	1300,0
64	-8.75	3.25	53	1300,0
64	-9.25	3.75	53	1300,0
113	-15.25	38.75	9	1350,0
113	-15.25	39.25	9	1350,0
113	-13.75	40.75	9	1350,0
113	-13.25	40.75	9	1350,0
113	-12.75	40.25	9	1350,0
113	-12.25	40.25	9	1350,0
113	-11.75	40.75	9	1350,0
113	-10.75	40.75	9	1350,0
113	-10.75	42.25	9	1350,0
113	-11.25	42.75	9	1350,0
113	-11.25	43.25	9	1350,0
113	-10.25	44.25	9	1350,0
113	-9.75	44.25	9	1350,0
113	-9.25	43.75	9	1350,0
113	-9.25	42.75	9	1350,0
113	-8.75	42.75	9	1350,0
113	-8.25	43.25	9	1350,0
113	-8.25	45.25	9	1350,0
113	-5.25	45.25	9	1350,0
113	-4.75	45.75	9	1350,0
113	-4.75	46.25	9	1350,0
113	-6.75	46.25	9	1350,0
113	-7.25	46.75	9	1350,0
113	-7.25	47.25	9	1350,0
113	-6.75	47.75	9	1350,0
113	-5.75	47.75	9	1350,0
113	-5.75	48.75	9	1350,0
113	-5.25	49.25	9	1350,0
113	-3.75	49.25	9	1350,0
113	4.75	40.75	9	1350,0
113	4.75	9.25	9	1350,0
113	4.25	9.25	9	1350,0
113	-2.75	16.25	9	1350,0
113	-3.25	16.25	9	1350,0
113	-3.75	15.75	9	1350,0
113	-4.25	15.75	9	1350,0
113	-4.25	16.75	9	1350,0
113	-5.25	16.75	9	1350,0
113	-5.75	17.25	9	1350,0
113	-6.75	17.25	9	1350,0
113	-7.25	17.75	9	1350,0
113	-7.25	18.25	9	1350,0
113	-6.25	19.25	9	1350,0
113	-5.75	19.25	9	1350,0
113	-5.75	18.25	9	1350,0
113	-5.25	18.25	9	1350,0
113	-3.25	20.25	9	1350,0
113	-3.25	20.75	9	1350,0
113	-3.75	21.25	9	1350,0
113	-3.75	22.25	9	1350,0
113	-5.25	22.25	9	1350,0
113	-5.25	20.25	9	1350,0
113	-5.75	20.25	9	1350,0
113	-7.25	21.75	9	1350,0
113	-7.25	22.75	9	1350,0
113	-8.25	22.75	9	1350,0
113	-8.75	23.25	9	1350,0
113	-8.75	24.25	9	1350,0
113	-9.25	24.25	9	1350,0
113	-9.75	23.75	9	1350,0
113	-9.75	23.25	9	1350,0
113	-7.25	20.75	9	1350,0
113	-7.25	19.25	9	1350,0
113	-8.25	19.25	9	1350,0
113	-8.75	18.75	9	1350,0
113	-9.25	18.75	9	1350,0
113	-9.25	21.75	9	1350,0
113	-9.75	22.25	9	1350,0
113	-10.75	22.25	9	1350,0
113	-10.75	23.25	9	1350,0
113	-11.25	23.75	9	1350,0
113	-11.75	23.75	9	1350,0
113	-12.25	23.25	9	1350,0
113	-12.75	23.25	9	1350,0
113	-12.75	25.25	9	1350,0
113	-13.25	25.75	9	1350,0
113	-14.25	25.75	9	1350,0
113	-14.75	26.25	9	1350,0
113	-14.75	26.75	9	1350,0
113	-14.25	27.25	9	1350,0
113	-13.75	27.25	9	1350,0
113	-13.25	26.75	9	1350,0
113	-12.25	26.75	9	1350,0
113	-10.75	25.25	9	1350,0
113	-10.75	24.25	9	1350,0
113	-10.25	24.25	9	1350,0
113	-8.75	25.75	9	1350,0
113	-8.75	26.25	9	1350,0
113	-9.75	26.25	9	1350,0
113	-10.25	26.75	9	1350,0
113	-10.25	28.25	9	1350,0
113	-9.25	29.25	9	1350,0
113	-9.25	29.75	9	1350,0
113	-9.75	29.75	9	1350,0
113	-10.25	29.25	9	1350,0
113	-10.75	29.25	9	1350,0
113	-10.75	32.25	9	1350,0
113	-11.25	32.25	9	1350,0
113	-11.75	31.75	9	1350,0
113	-12.25	31.75	9	1350,0
113	-12.25	32.75	9	1350,0
113	-12.75	32.75	9	1350,0
113	-13.25	32.25	9	1350,0
113	-13.75	32.25	9	1350,0
113	-14.75	33.25	9	1350,0
113	-14.75	33.75	9	1350,0
113	-14.25	33.75	9	1350,0
113	-13.75	33.25	9	1350,0
113	-13.25	33.25	9	1350,0
113	-13.25	34.25	9	1350,0
113	-12.75	34.25	9	1350,0
113	-12.25	33.75	9	1350,0
113	-11.75	33.75	9	1350,0
113	-11.75	34.25	9	1350,0
113	-12.75	35.25	9	1350,0
113	-12.75	36.75	9	1350,0
113	-12.25	37.25	9	1350,0
113	-12.25	37.75	9	1350,0
113	-12.75	38.25	9	1350,0
113	-12.75	39.25	9	1350,0
113	-13.25	39.25	9	1350,0
113	-13.75	38.75	9	1350,0
113	-13.75	38.25	9	1350,0
113	-13.25	37.75	9	1350,0
113	-13.25	37.25	9	1350,0
113	-15.75	37.25	9	1350,0
113	-15.75	37.75	9	1350,0
113	-15.25	38.25	9	1350,0
113	-15.25	38.75	9	1350,0
13	-7.75	2.25	2	1300,0
13	-7.75	2.75	2	1300,0
13	-7.25	2.75	2	1300,0
13	-7.25	2.25	2	1300,0
13	-7.75	2.25	2	1300,0
14	-6.75	1.25	2	1300,0
14	-6.75	1.75	2	1300,0
14	-6.25	1.75	2	1300,0
14	-6.25	1.25	2	1300,0
14	-6.75	1.25	2	1300,0
9	-5.25	4.75	16	1300,0
9	-5.25	5.25	16	1300,0
9	-4.75	5.25	16	1300,0
9	-3.25	3.75	16	1300,0
9	-3.25	3.25	16	1300,0
9	-3.75	2.75	16	1300,0
9	-3.75	1.75	16	1300,0
9	-4.25	1.75	16	1300,0
9	-4.75	2.25	16	1300,0
9	-4.75	4.25	16	1300,0
9	-5.25	4.75	16	1300,0
65	-5.75	0.25	54	1300,0
65	-5.75	0.75	54	1300,0
65	-5.25	0.75	54	1300,0
65	-5.25	0.25	54	1300,0
65	-5.75	0.25	54	1300,0
15	-5.25	0.75	20	1300,0
15	-5.25	1.25	20	1300,0
15	-4.75	1.75	20	1300,0
15	-4.25	1.75	20	1300,0
15	-4.25	1.25	20	1300,0
15	-4.75	0.75	20	1300,0
15	-5.25	0.75	20	1300,0
43	-3.75	2.25	41	1300,0
43	-3.75	2.75	41	1300,0
43	-3.25	3.25	41	1300,0
43	-2.75	3.25	41	1300,0
43	-2.75	2.75	41	1300,0
43	-3.25	2.25	41	1300,0
43	-3.75	2.25	41	1300,0
81	1.75	7.75	63	1300,0
81	1.75	8.25	63	1300,0
81	2.25	8.25	63	1300,0
81	2.25	7.75	63	1300,0
81	1.75	7.75	63	1300,0
66	-35.25	20.75	55	1350,0
66	-35.25	21.25	55	1350,0
66	-33.75	22.75	55	1350,0
66	-33.25	22.75	55	1350,0
66	-33.25	22.25	55	1350,0
66	-34.75	20.75	55	1350,0
66	-35.25	20.75	55	1350,0
67	-33.25	20.75	55	1350,0
67	-33.25	21.25	55	1350,0
67	-32.75	21.25	55	1350,0
67	-32.75	20.75	55	1350,0
67	-33.25	20.75	55	1350,0
82	-32.25	23.75	64	1350,0
82	-32.25	24.25	64	1350,0
82	-31.75	24.25	64	1350,0
82	-31.75	23.75	64	1350,0
82	-32.25	23.75	64	1350,0
83	-31.25	22.75	64	1350,0
83	-31.25	23.25	64	1350,0
83	-30.75	23.75	64	1350,0
83	-30.25	23.75	64	1350,0
83	-30.25	22.25	64	1350,0
83	-30.75	21.75	64	1350,0
83	-31.25	21.75	64	1350,0
83	-31.25	22.75	64	1350,0
78	-21.25	34.75	61	1350,0
78	-21.25	35.25	61	1350,0
78	-20.25	36.25	61	1350,0
78	-19.75	36.25	61	1350,0
78	-19.75	35.75	61	1350,0
78	-20.75	34.75	61	1350,0
78	-21.25	34.75	61	1350,0
79	-20.75	33.25	61	1350,0
79	-20.75	33.75	61	1350,0
79	-20.25	34.25	61	1350,0
79	-19.75	34.25	61	1350,0
79	-19.75	33.75	61	1350,0
79	-20.25	33.25	61	1350,0
79	-20.75	33.25	61	1350,0
39	-18.75	37.25	39	1350,0
39	-18.75	37.75	39	1350,0
39	-18.25	38.25	39	1350,0
39	-17.75	38.25	39	1350,0
39	-17.75	37.75	39	1350,0
39	-18.25	37.25	39	1350,0
39	-18.75	37.25	39	1350,0
40	-17.75	36.25	39	1350,0
40	-17.75	36.75	39	1350,0
40	-17.25	36.75	39	1350,0
40	-17.25	36.25	39	1350,0
40	-17.75	36.25	39	1350,0
54	-15.25	40.75	48	1350,0
54	-15.25	41.25	48	1350,0
54	-14.75	41.25	48	1350,0
54	-14.75	40.75	48	1350,0
54	-15.25	40.75	48	1350,0
17	-4.25	0.75	22	1300,0
17	-4.25	1.25	22	1300,0
17	-3.75	1.75	22	1300,0
17	-3.25	1.75	22	1300,0
17	-3.25	1.25	22	1300,0
17	-3.75	0.75	22	1300,0
17	-4.25	0.75	22	1300,0
36	-3.25	1.75	36	1300,0
36	-3.25	2.25	36	1300,0
36	-2.75	2.75	36	1300,0
36	-2.25	2.75	36	1300,0
36	-2.25	2.25	36	1300,0
36	-2.75	1.75	36	1300,0
36	-3.25	1.75	36	1300,0
52	-2.25	2.75	46	1300,0
52	-2.25	3.25	46	1300,0
52	-1.75	3.25	46	1300,0
52	-1.75	2.75	46	1300,0
52	-2.25	2.75	46	1300,0
53	-1.75	3.25	47	1300,0
53	-1.75	3.75	47	1300,0
53	-1.25	3.75	47	1300,0
53	-1.25	3.25	47	1300,0
53	-1.75	3.25	47	1300,0
95	-0.25	4.75	74	1300,0
95	-0.25	5.25	74	1300,0
95	0.25	5.25	74	1300,0
95	0.25	4.75	74	1300,0
95	-0.25	4.75	74	1300,0
18	0.25	5.25	23	1300,0
18	0.25	5.75	23	1300,0
18	0.75	6.25	23	1300,0
18	1.25	6.25	23	1300,0
18	1.25	5.75	23	1300,0
18	0.75	5.25	23	1300,0
18	0.25	5.25	23	1300,0
85	3.25	8.25	66	1300,0
85	3.25	8.75	66	1300,0
85	3.75	9.25	66	1300,0
85	4.25	9.25	66	1300,0
85	4.25	8.75	66	1300,0
85	3.75	8.25	66	1300,0
85	3.25	8.25	66	1300,0
27	-44.25	10.75	30	1350,0
27	-44.25	11.25	30	1350,0
27	-43.75	11.25	30	1350,0
27	-43.75	10.75	30	1350,0
27	-44.25	10.75	30	1350,0
28	-43.25	11.75	30	1350,0
28	-43.25	12.25	30	1350,0
28	-42.75	12.25	30	1350,0
28	-42.75	11.75	30	1350,0
28	-43.25	11.75	30	1350,0
48	-42.75	12.25	44	1350,0
48	-42.75	12.75	44	1350,0
48	-42.25	12.75	44	1350,0
48	-42.25	12.25	44	1350,0
48	-42.75	12.25	44	1350,0
49	-39.75	15.25	44	1350,0
49	-39.75	15.75	44	1350,0
49	-39.25	15.75	44	1350,0
49	-39.25	15.25	44	1350,0
49	-39.75	15.25	44	1350,0
50	-37.75	17.25	44	1350,0
50	-37.75	17.75	44	1350,0
50	-37.25	17.75	44	1350,0
50	-37.25	17.25	44	1350,0
50	-37.75	17.25	44	1350,0
97	-32.75	22.25	76	1350,0
97	-32.75	22.75	76	1350,0
97	-32.25	22.75	76	1350,0
97	-32.25	22.25	76	1350,0
97	-32.75	22.25	76	1350,0
98	-27.75	27.25	76	1350,0
98	-27.75	27.75	76	1350,0
98	-27.25	27.75	76	1350,0
98	-27.25	27.25	76	1350,0
98	-27.75	27.25	76	1350,0
91	-25.25	29.75	70	1350,0
91	-25.25	30.25	70	1350,0
91	-24.75	30.25	70	1350,0
91	-24.75	29.75	70	1350,0
91	-25.25	29.75	70	1350,0
87	-21.75	33.25	68	1350,0
87	-21.75	33.75	68	1350,0
87	-21.25	33.75	68	1350,0
87	-21.25	33.25	68	1350,0
87	-21.75	33.25	68	1350,0
71	-21.25	33.75	59	1350,0
71	-21.25	34.25	59	1350,0
71	-20.75	34.25	59	1350,0
71	-20.75	33.75	59	1350,0
71	-21.25	33.75	59	1350,0
72	-15.75	39.25	59	1350,0
72	-15.75	39.75	59	1350,0
72	-15.25	39.75	59	1350,0
72	-15.25	39.25	59	1350,0
72	-15.75	39.25	59	1350,0
73	-12.25	42.75	59	1350,0
73	-12.25	43.25	59	1350,0
73	-11.25	44.25	59	1350,0
73	-10.75	44.25	59	1350,0
73	-10.75	43.75	59	1350,0
73	-11.75	42.75	59	1350,0
73	-12.25	42.75	59	1350,0
30	-10.75	44.25	32	1350,0
30	-10.75	44.75	32	1350,0
30	-10.25	44.75	32	1350,0
30	-10.25	44.25	32	1350,0
30	-10.75	44.25	32	1350,0
31	-6.75	48.25	32	1350,0
31	-6.75	48.75	32	1350,0
31	-6.25	48.75	32	1350,0
31	-5.75	48.25	32	1350,0
31	-5.75	47.75	32	1350,0
31	-6.25	47.75	32	1350,0
31	-6.75	48.25	32	1350,0
62	-4.25	-0.25	51	1300,0
62	-4.25	0.25	51	1300,0
62	-3.75	0.75	51	1300,0
62	-2.75	0.75	51	1300,0
62	-1.75	1.75	51	1300,0
62	-1.25	1.75	51	1300,0
62	-1.25	1.25	51	1300,0
62	-2.75	-0.25	51	1300,0
62	-4.25	-0.25	51	1300,0
101	-3.25	0.75	79	1300,0
101	-3.25	1.25	79	1300,0
101	-2.25	2.25	79	1300,0
101	-1.75	2.25	79	1300,0
101	-1.75	1.75	79	1300,0
101	-2.75	0.75	79	1300,0
101	-3.25	0.75	79	1300,0
55	3.25	7.25	49	1300,0
55	3.25	7.75	49	1300,0
55	3.75	7.75	49	1300,0
55	3.75	7.25	49	1300,0
55	3.25	7.25	49	1300,0
80	-34.25	19.75	62	1350,0
80	-34.25	20.25	62	1350,0
80	-33.75	20.75	62	1350,0
80	-33.25	20.75	62	1350,0
80	-33.25	20.25	62	1350,0
80	-33.75	19.75	62	1350,0
80	-34.25	19.75	62	1350,0
99	-18.75	35.25	77	1350,0
99	-18.75	35.75	77	1350,0
99	-18.25	35.75	77	1350,0
99	-18.25	35.25	77	1350,0
99	-18.75	35.25	77	1350,0
92	-2.25	-0.25	71	1300,0
92	-2.25	0.25	71	1300,0
92	-1.25	1.25	71	1300,0
92	-0.75	1.25	71	1300,0
92	0.25	0.25	71	1300,0
92	0.25	-0.25	71	1300,0
92	-2.25	-0.25	71	1300,0
16	-19.25	-0.25	21	1350,0
16	-19.25	0.25	21	1350,0
16	-17.75	1.75	21	1350,0
16	-17.25	1.75	21	1350,0
16	-16.25	0.75	21	1350,0
16	-14.75	0.75	21	1350,0
16	-14.25	1.25	21	1350,0
16	-12.75	1.25	21	1350,0
16	-12.25	0.75	21	1350,0
16	-10.75	0.75	21	1350,0
16	-10.25	1.25	21	1350,0
16	-9.75	1.25	21	1350,0
16	-9.25	0.75	21	1350,0
16	-8.75	0.75	21	1350,0
16	-8.25	1.25	21	1350,0
16	-7.75	1.25	21	1350,0
16	-7.25	0.75	21	1350,0
16	-5.75	0.75	21	1350,0
16	-3.75	2.75	21	1350,0
16	-3.25	2.75	21	1350,0
16	-1.25	0.75	21	1350,0
16	-0.75	0.75	21	1350,0
16	0.25	1.75	21	1350,0
16	0.75	1.75	21	1350,0
16	1.75	0.75	21	1350,0
16	2.25	0.75	21	1350,0
16	2.75	1.25	21	1350,0
16	4.25	1.25	21	1350,0
16	4.75	0.75	21	1350,0
16	4.75	0.25	21	1350,0
16	4.25	-0.25	21	1350,0
16	-19.25	-0.25	21	1350,0
16	-45.25	0.75	21	1400,0
16	-45.25	1.25	21	1400,0
16	-44.25	1.25	21	1400,0
16	-43.75	1.75	21	1400,0
16	-43.25	1.75	21	1400,0
16	-42.25	0.75	21	1400,0
16	-41.75	0.75	21	1400,0
16	-40.75	1.75	21	1400,0
16	-40.25	1.75	21	1400,0
16	-39.75	1.25	21	1400,0
16	-38.75	1.25	21	1400,0
16	-38.25	0.75	21	1400,0
16	-37.25	0.75	21	1400,0
16	-36.75	0.25	21	1400,0
16	-36.75	-0.25	21	1400,0
16	-45.25	-0.25	21	1400,0
16	-45.25	0.75	21	1400,0
23	-17.25	1.75	28	1350,0
23	-17.25	2.25	28	1350,0
23	-15.75	3.75	28	1350,0
23	-15.25	3.75	28	1350,0
23	-14.25	2.75	28	1350,0
23	-14.25	2.25	28	1350,0
23	-15.75	0.75	28	1350,0
23	-16.25	0.75	28	1350,0
23	-17.25	1.75	28	1350,0
69	-15.25	3.75	57	1350,0
69	-15.25	4.25	57	1350,0
69	-14.75	4.75	57	1350,0
69	-14.25	4.75	57	1350,0
69	-14.25	3.75	57	1350,0
69	-13.75	3.25	57	1350,0
69	-13.25	3.25	57	1350,0
69	-12.75	3.75	57	1350,0
69	-12.25	3.75	57	1350,0
69	-12.25	3.25	57	1350,0
69	-13.25	2.25	57	1350,0
69	-13.25	1.25	57	1350,0
69	-14.25	1.25	57	1350,0
69	-14.75	0.75	57	1350,0
69	-15.25	0.75	57	1350,0
69	-15.25	1.25	57	1350,0
69	-14.25	2.25	57	1350,0
69	-14.25	2.75	57	1350,0
69	-15.25	3.75	57	1350,0
96	-14.25	4.75	75	1350,0
96	-14.25	5.25	75	1350,0
96	-9.75	9.75	75	1350,0
96	-9.25	9.75	75	1350,0
96	-8.75	9.25	75	1350,0
96	-8.75	8.25	75	1350,0
96	-8.25	7.75	75	1350,0
96	-8.25	7.25	75	1350,0
96	-8.75	6.75	75	1350,0
96	-8.75	5.75	75	1350,0
96	-9.75	5.75	75	1350,0
96	-10.75	4.75	75	1350,0
96	-10.75	4.25	75	1350,0
96	-9.75	3.25	75	1350,0
96	-8.75	3.25	75	1350,0
96	-8.75	2.75	75	1350,0
96	-9.25	2.25	75	1350,0
96	-11.25	2.25	75	1350,0
96	-11.25	1.25	75	1350,0
96	-11.75	0.75	75	1350,0
96	-12.25	0.75	75	1350,0
96	-13.25	1.75	75	1350,0
96	-13.25	2.25	75	1350,0
96	-12.25	3.25	75	1350,0
96	-12.25	3.75	75	1350,0
96	-12.75	3.75	75	1350,0
96	-13.25	3.25	75	1350,0
96	-13.75	3.25	75	1350,0
96	-14.25	3.75	75	1350,0
96	-14.25	4.75	75	1350,0
24	-9.25	9.75	29	1350,0
24	-9.25	10.25	29	1350,0
24	-3.75	15.75	29	1350,0
24	-3.25	15.75	29	1350,0
24	-3.25	14.75	29	1350,0
24	-2.75	14.25	29	1350,0
24	-1.75	14.25	29	1350,0
24	-1.75	13.75	29	1350,0
24	-3.75	11.75	29	1350,0
24	-3.75	10.75	29	1350,0
24	-4.25	10.25	29	1350,0
24	-5.25	10.25	29	1350,0
24	-5.25	9.25	29	1350,0
24	-5.75	8.75	29	1350,0
24	-5.75	8.25	29	1350,0
24	-4.25	8.25	29	1350,0
24	-3.75	8.75	29	1350,0
24	-3.25	8.75	29	1350,0
24	-3.25	8.25	29	1350,0
24	-4.75	6.75	29	1350,0
24	-5.25	6.75	29	1350,0
24	-6.75	8.25	29	1350,0
24	-7.25	8.25	29	1350,0
24	-7.75	7.75	29	1350,0
24	-8.25	7.75	29	1350,0
24	-8.75	8.25	29	1350,0
24	-8.75	9.25	29	1350,0
24	-9.25	9.75	29	1350,0
37	-3.25	15.75	37	1350,0
37	-3.25	16.25	37	1350,0
37	-2.75	16.25	37	1350,0
37	4.75	8.75	37	1350,0
37	4.75	2.25	37	1350,0
37	3.25	2.25	37	1350,0
37	2.75	2.75	37	1350,0
37	2.75	3.75	37	1350,0
37	2.25	4.25	37	1350,0
37	1.25	4.25	37	1350,0
37	1.25	4.75	37	1350,0
37	1.75	5.25	37	1350,0
37	1.75	5.75	37	1350,0
37	1.25	5.75	37	1350,0
37	0.75	5.25	37	1350,0
37	-0.25	5.25	37	1350,0
37	-2.25	3.25	37	1350,0
37	-2.75	3.25	37	1350,0
37	-3.25	3.75	37	1350,0
37	-5.25	3.75	37	1350,0
37	-5.25	4.75	37	1350,0
37	-6.25	4.75	37	1350,0
37	-6.25	6.25	37	1350,0
37	-5.25	6.25	37	1350,0
37	-2.25	9.25	37	1350,0
37	-1.75	9.25	37	1350,0
37	-1.25	8.75	37	1350,0
37	-1.25	8.25	37	1350,0
37	-3.25	6.25	37	1350,0
37	-3.25	5.75	37	1350,0
37	-2.25	4.75	37	1350,0
37	-1.75	4.75	37	1350,0
37	-1.75	5.75	37	1350,0
37	-0.75	5.75	37	1350,0
37	0.25	6.75	37	1350,0
37	0.25	7.75	37	1350,0
37	1.25	7.75	37	1350,0
37	2.25	8.75	37	1350,0
37	2.25	10.25	37	1350,0
37	1.75	10.75	37	1350,0
37	1.25	10.75	37	1350,0
37	0.25	9.75	37	1350,0
37	-0.25	9.75	37	1350,0
37	-0.75	10.25	37	1350,0
37	-0.75	10.75	37	1350,0
37	0.25	11.75	37	1350,0
37	0.25	12.25	37	1350,0
37	-1.75	14.25	37	1350,0
37	-2.75	14.25	37	1350,0
37	-3.25	14.75	37	1350,0
37	-3.25	15.75	37	1350,0
37	-45.25	7.75	37	1400,0
37	-45.25	8.25	37	1400,0
37	-44.75	8.25	37	1400,0
37	-39.25	2.75	37	1400,0
37	-39.25	2.25	37	1400,0
37	-40.25	2.25	37	1400,0
37	-40.75	1.75	37	1400,0
37	-41.25	1.75	37	1400,0
37	-41.25	2.25	37	1400,0
37	-40.75	2.75	37	1400,0
37	-40.75	3.25	37	1400,0
37	-41.25	3.25	37	1400,0
37	-42.25	2.25	37	1400,0
37	-42.75	2.25	37	1400,0
37	-43.25	2.75	37	1400,0
37	-43.75	2.75	37	1400,0
37	-44.25	2.25	37	1400,0
37	-44.75	2.25	37	1400,0
37	-45.25	2.75	37	1400,0
37	-45.25	7.75	37	1400,0
94	-10.75	4.25	73	1350,0
94	-10.75	4.75	73	1350,0
94	-10.25	5.25	73	1350,0
94	-9.75	5.25	73	1350,0
94	-9.75	4.25	73	1350,0
94	-9.25	3.75	73	1350,0
94	-9.25	3.25	73	1350,0
94	-9.75	3.25	73	1350,0
94	-10.75	4.25	73	1350,0
11	-9.75	5.25	18	1350,0
11	-9.75	5.75	18	1350,0
11	-8.25	5.75	18	1350,0
11	-8.25	3.25	18	1350,0
11	-8.75	3.25	18	1350,0
11	-9.75	4.25	18	1350,0
11	-9.75	5.25	18	1350,0
77	-8.75	6.25	60	1350,0
77	-8.75	6.75	60	1350,0
77	-8.25	6.75	60	1350,0
77	-7.25	5.75	60	1350,0
77	-6.25	5.75	60	1350,0
77	-6.25	5.25	60	1350,0
77	-7.75	3.75	60	1350,0
77	-8.25	3.75	60	1350,0
77	-8.25	5.75	60	1350,0
77	-8.75	6.25	60	1350,0
41	-8.25	6.75	4	1350,0
41	-8.25	7.25	4	1350,0
41	-7.25	8.25	4	1350,0
41	-6.75	8.25	4	1350,0
41	-5.25	6.75	4	1350,0
41	-5.25	6.25	4	1350,0
41	-6.25	6.25	4	1350,0
41	-6.75	5.75	4	1350,0
41	-7.25	5.75	4	1350,0
41	-8.25	6.75	4	1350,0
21	-5.25	9.75	26	1350,0
21	-5.25	10.25	26	1350,0
21	-4.25	10.25	26	1350,0
21	-3.25	11.25	26	1350,0
21	-2.75	11.25	26	1350,0
21	-2.75	10.75	26	1350,0
21	-3.25	10.25	26	1350,0
21	-3.25	9.75	26	1350,0
21	-2.25	9.75	26	1350,0
21	-2.25	9.25	26	1350,0
21	-2.75	8.75	26	1350,0
21	-3.75	8.75	26	1350,0
21	-4.25	8.25	26	1350,0
21	-5.75	8.25	26	1350,0
21	-5.75	8.75	26	1350,0
21	-5.25	9.25	26	1350,0
21	-5.25	9.75	26	1350,0
22	-3.75	11.25	27	1350,0
22	-3.75	11.75	27	1350,0
22	-3.25	12.25	27	1350,0
22	-2.75	12.25	27	1350,0
22	-1.75	11.25	27	1350,0
22	-0.75	11.25	27	1350,0
22	-0.75	10.75	27	1350,0
22	-1.75	9.75	27	1350,0
22	-3.25	9.75	27	1350,0
22	-3.25	10.25	27	1350,0
22	-2.75	10.75	27	1350,0
22	-2.75	11.25	27	1350,0
22	-3.75	11.25	27	1350,0
4	-2.75	12.25	11	1350,0
4	-2.75	12.75	11	1350,0
4	-1.75	13.75	11	1350,0
4	-1.25	13.75	11	1350,0
4	0.25	12.25	11	1350,0
4	0.25	11.75	11	1350,0
4	-0.25	11.25	11	1350,0
4	-1.75	11.25	11	1350,0
4	-2.75	12.25	11	1350,0
10	-11.25	1.75	17	1350,0
10	-11.25	2.25	17	1350,0
10	-9.25	2.25	17	1350,0
10	-6.75	4.75	17	1350,0
10	-5.25	4.75	17	1350,0
10	-5.25	3.75	17	1350,0
10	-3.25	3.75	17	1350,0
10	-2.75	3.25	17	1350,0
10	-2.25	3.25	17	1350,0
10	-0.25	5.25	17	1350,0
10	0.75	5.25	17	1350,0
10	1.25	5.75	17	1350,0
10	1.75	5.75	17	1350,0
10	1.75	5.25	17	1350,0
10	1.25	4.75	17	1350,0
10	1.25	4.25	17	1350,0
10	1.75	3.75	17	1350,0
10	1.75	3.25	17	1350,0
10	-0.75	0.75	17	1350,0
10	-1.25	0.75	17	1350,0
10	-3.25	2.75	17	1350,0
10	-3.75	2.75	17	1350,0
10	-5.75	0.75	17	1350,0
10	-6.25	0.75	17	1350,0
10	-6.25	2.75	17	1350,0
10	-6.75	2.75	17	1350,0
10	-7.25	2.25	17	1350,0
10	-7.25	1.75	17	1350,0
10	-6.75	1.25	17	1350,0
10	-6.75	0.75	17	1350,0
10	-7.25	0.75	17	1350,0
10	-7.75	1.25	17	1350,0
10	-8.25	1.25	17	1350,0
10	-8.75	0.75	17	1350,0
10	-9.25	0.75	17	1350,0
10	-9.75	1.25	17	1350,0
10	-10.25	1.25	17	1350,0
10	-10.75	0.75	17	1350,0
10	-11.25	0.75	17	1350,0
10	-11.25	1.75	17	1350,0
5	-1.75	9.25	12	1350,0
5	-1.75	9.75	12	1350,0
5	-1.25	10.25	12	1350,0
5	-0.75	10.25	12	1350,0
5	-0.25	9.75	12	1350,0
5	0.25	9.75	12	1350,0
5	1.25	10.75	12	1350,0
5	1.75	10.75	12	1350,0
5	2.25	10.25	12	1350,0
5	2.25	8.75	12	1350,0
5	1.25	7.75	12	1350,0
5	0.25	7.75	12	1350,0
5	0.25	6.75	12	1350,0
5	-0.75	5.75	12	1350,0
5	-1.75	5.75	12	1350,0
5	-1.75	4.75	12	1350,0
5	-2.25	4.75	12	1350,0
5	-3.25	5.75	12	1350,0
5	-3.25	6.25	12	1350,0
5	-1.25	8.25	12	1350,0
5	-1.25	8.75	12	1350,0
5	-1.75	9.25	12	1350,0
88	-7.25	1.75	69	1350,0
88	-7.25	2.25	69	1350,0
88	-6.75	2.75	69	1350,0
88	-6.25	2.75	69	1350,0
88	-6.25	1.25	69	1350,0
88	-6.75	1.25	69	1350,0
88	-7.25	1.75	69	1350,0
20	1.75	3.75	25	1350,0
20	1.75	4.25	25	1350,0
20	2.25	4.25	25	1350,0
20	2.75	3.75	25	1350,0
20	2.75	2.75	25	1350,0
20	3.25	2.25	25	1350,0
20	4.25	2.25	25	1350,0
20	4.75	1.75	25	1350,0
20	4.75	1.25	25	1350,0
20	2.75	1.25	25	1350,0
20	2.25	0.75	25	1350,0
20	1.75	0.75	25	1350,0
20	0.75	1.75	25	1350,0
20	0.75	2.25	25	1350,0
20	1.75	3.25	25	1350,0
20	1.75	3.75	25	1350,0
20	-45.25	1.75	25	1400,0
20	-45.25	2.25	25	1400,0
20	-44.25	2.25	25	1400,0
20	-43.75	2.75	25	1400,0
20	-43.25	2.75	25	1400,0
20	-42.75	2.25	25	1400,0
20	-42.25	2.25	25	1400,0
20	-41.25	3.25	25	1400,0
20	-40.75	3.25	25	1400,0
20	-40.75	2.75	25	1400,0
20	-41.25	2.25	25	1400,0
20	-41.25	1.25	25	1400,0
20	-41.75	0.75	25	1400,0
20	-42.25	0.75	25	1400,0
20	-43.25	1.75	25	1400,0
20	-43.75	1.75	25	1400,0
20	-44.25	1.25	25	1400,0
20	-44.75	1.25	25	1400,0
20	-45.25	1.75	25	1400,0
61	-40.25	1.75	50	1400,0
61	-40.25	2.25	50	1400,0
61	-38.75	2.25	50	1400,0
61	-37.75	1.25	50	1400,0
61	-37.75	0.75	50	1400,0
61	-38.25	0.75	50	1400,0
61	-38.75	1.25	50	1400,0
61	-39.75	1.25	50	1400,0
61	-40.25	1.75	50	1400,0
